Customer_ID,Orders,Total_Quantity,Total_Revenue,Total_Profit,Last_Order_Date,Average_Order_Value,Frequency,Monetary,Customer_Segment
CUST0521,10,38,85503.85,17921.67,2025-11-13,8550.385,10,85503.85,High Value
CUST0406,9,35,81557.7,16833.61,2025-11-26,9061.966666666667,9,81557.7,High Value
CUST1224,7,31,80866.2,10586.4,2025-11-25,11552.314285714285,7,80866.2,High Value
CUST1483,7,28,80323.6,18815.1,2025-12-25,11474.800000000001,7,80323.6,High Value
CUST0323,10,37,80135.0,18004.61,2025-12-17,8013.5,10,80135.0,High Value
CUST1229,10,39,79118.45,12711.11,2025-10-24,7911.844999999999,10,79118.45,High Value
CUST0193,13,45,79108.6,19431.84,2025-11-11,6085.276923076924,13,79108.6,High Value
CUST0879,9,30,77817.45,14770.18,2025-11-27,8646.383333333333,9,77817.45,High Value
CUST1431,9,32,76410.55,18217.89,2025-11-18,8490.061111111112,9,76410.55,High Value
CUST0425,12,41,74638.3,10849.7,2025-12-09,6219.858333333334,12,74638.3,High Value
CUST0770,7,24,74391.85,18319.0,2025-12-08,10627.407142857144,7,74391.85,High Value
CUST1462,9,31,74330.6,13508.380000000001,2025-12-02,8258.955555555556,9,74330.6,High Value
CUST1160,11,42,74111.25,12332.75,2025-12-04,6737.386363636364,11,74111.25,High Value
CUST1167,14,48,72920.0,15678.77,2025-12-24,5208.571428571428,14,72920.0,High Value
CUST0669,9,28,72889.6,12981.71,2025-11-18,8098.844444444445,9,72889.6,High Value
CUST1313,13,46,72264.75,14300.81,2025-12-28,5558.826923076923,13,72264.75,High Value
CUST1395,10,32,71525.6,12239.279999999999,2025-11-04,7152.56,10,71525.6,High Value
CUST1034,9,29,70268.4,11139.72,2025-10-28,7807.599999999999,9,70268.4,High Value
CUST1099,11,34,68998.05,13245.78,2025-12-19,6272.55,11,68998.05,High Value
CUST0198,10,34,68871.25,13680.2,2025-12-15,6887.125,10,68871.25,High Value
CUST0778,8,25,68442.25,12855.939999999999,2025-10-12,8555.28125,8,68442.25,High Value
CUST0514,10,40,67933.1,12472.08,2025-10-21,6793.31,10,67933.1,High Value
CUST0246,12,37,67202.6,12405.47,2025-12-14,5600.216666666667,12,67202.6,High Value
CUST1105,9,25,66876.29999999999,16745.83,2025-11-08,7430.699999999999,9,66876.29999999999,High Value
CUST0618,8,29,66743.2,12692.21,2025-10-03,8342.9,8,66743.2,High Value
CUST0656,11,31,66451.95,13429.77,2025-12-15,6041.086363636364,11,66451.95,High Value
CUST0422,8,23,66338.05,13283.899999999998,2025-11-05,8292.25625,8,66338.05,High Value
CUST0178,13,40,66254.45,11902.85,2025-10-11,5096.496153846154,13,66254.45,High Value
CUST1109,9,27,65875.5,11530.48,2025-11-24,7319.5,9,65875.5,High Value
CUST0043,11,35,65576.7,12469.789999999999,2025-10-16,5961.518181818182,11,65576.7,High Value
CUST0415,8,25,65406.9,11400.45,2025-12-01,8175.8625,8,65406.9,High Value
CUST0791,9,31,65226.7,10183.08,2025-11-28,7247.411111111111,9,65226.7,High Value
CUST1305,8,26,65225.3,12491.130000000001,2025-12-27,8153.1625,8,65225.3,High Value
CUST0151,12,32,65069.5,13239.529999999999,2025-10-28,5422.458333333333,12,65069.5,High Value
CUST0140,9,36,64887.6,15234.24,2025-12-21,7209.733333333334,9,64887.6,High Value
CUST0259,8,26,63421.35,15718.17,2025-11-08,7927.66875,8,63421.35,High Value
CUST0161,5,20,63206.200000000004,9973.43,2025-10-30,12641.240000000002,5,63206.200000000004,High Value
CUST1266,7,27,62235.1,10685.65,2025-11-28,8890.728571428572,7,62235.1,High Value
CUST0013,10,33,62038.950000000004,10760.9,2025-12-07,6203.895,10,62038.950000000004,High Value
CUST0332,5,19,61976.65,11922.22,2025-09-23,12395.33,5,61976.65,High Value
CUST1013,6,21,61930.05,12574.92,2025-12-15,10321.675000000001,6,61930.05,High Value
CUST0327,10,37,61912.399999999994,9703.630000000001,2025-12-14,6191.24,10,61912.399999999994,High Value
CUST0181,10,26,61903.6,9396.23,2025-12-16,6190.36,10,61903.6,High Value
CUST0266,11,34,61818.6,9499.890000000001,2025-12-15,5619.872727272727,11,61818.6,High Value
CUST0540,9,29,61098.5,11303.96,2025-12-27,6788.722222222223,9,61098.5,High Value
CUST0553,9,31,61022.35,10774.11,2025-12-19,6780.261111111111,9,61022.35,High Value
CUST0318,10,40,60868.15,11246.210000000001,2025-12-03,6086.8150000000005,10,60868.15,High Value
CUST1137,12,39,60374.200000000004,10488.689999999999,2025-12-18,5031.183333333333,12,60374.200000000004,High Value
CUST0855,10,33,60350.2,8629.6,2025-10-14,6035.0199999999995,10,60350.2,High Value
CUST1404,12,35,60022.3,12720.17,2025-12-31,5001.858333333334,12,60022.3,High Value
CUST0936,8,27,59515.4,11111.24,2025-11-11,7439.425,8,59515.4,High Value
CUST1173,9,31,59382.5,13679.289999999999,2025-11-25,6598.055555555556,9,59382.5,High Value
CUST0837,9,27,58914.9,10709.31,2025-12-29,6546.1,9,58914.9,High Value
CUST0525,10,29,58833.1,10466.560000000001,2025-09-26,5883.3099999999995,10,58833.1,High Value
CUST1242,9,35,58404.25,9725.58,2025-12-18,6489.361111111111,9,58404.25,High Value
CUST0188,9,26,58251.4,11472.97,2025-10-17,6472.377777777778,9,58251.4,High Value
CUST0212,9,30,57764.9,14746.57,2025-11-17,6418.322222222222,9,57764.9,High Value
CUST0823,5,19,57607.05,8282.33,2025-09-17,11521.41,5,57607.05,High Value
CUST0961,11,33,57493.3,11692.71,2025-11-19,5226.663636363636,11,57493.3,High Value
CUST1129,11,37,57485.1,9311.810000000001,2025-10-17,5225.918181818181,11,57485.1,High Value
CUST0021,8,28,57269.35,9513.35,2025-11-21,7158.66875,8,57269.35,High Value
CUST0007,7,22,56599.05,9984.17,2025-12-02,8085.578571428572,7,56599.05,High Value
CUST1293,5,17,56388.5,10374.18,2025-12-10,11277.7,5,56388.5,High Value
CUST1070,11,38,55489.65,12239.02,2025-12-12,5044.513636363637,11,55489.65,High Value
CUST0939,7,20,55297.35,10574.24,2025-11-26,7899.621428571429,7,55297.35,High Value
CUST0828,10,25,55281.65,12221.77,2025-12-21,5528.165,10,55281.65,High Value
CUST0133,12,31,55101.45,10233.6,2025-12-30,4591.787499999999,12,55101.45,High Value
CUST0016,10,33,54909.45,10117.89,2025-11-21,5490.945,10,54909.45,High Value
CUST0466,10,29,54563.5,13195.09,2025-12-16,5456.35,10,54563.5,High Value
CUST0597,8,28,54474.05,11005.75,2025-11-25,6809.25625,8,54474.05,High Value
CUST0993,8,23,54403.55,11909.279999999999,2025-11-29,6800.44375,8,54403.55,High Value
CUST0772,9,33,54280.55,11878.06,2025-12-15,6031.172222222222,9,54280.55,High Value
CUST0254,8,29,54046.1,9256.55,2025-09-05,6755.7625,8,54046.1,High Value
CUST1030,6,19,54007.55,12519.85,2025-11-05,9001.258333333333,6,54007.55,High Value
CUST0351,11,26,53961.05,11532.2,2025-12-26,4905.55,11,53961.05,High Value
CUST1281,6,20,53906.95,10172.69,2025-11-05,8984.491666666667,6,53906.95,High Value
CUST1159,9,26,53806.35,7985.900000000001,2025-12-24,5978.483333333334,9,53806.35,High Value
CUST0476,5,16,53785.4,9559.36,2025-12-31,10757.08,5,53785.4,High Value
CUST0250,9,31,53742.549999999996,10596.9,2025-12-24,5971.394444444444,9,53742.549999999996,High Value
CUST1202,8,24,53692.95,9900.75,2025-12-21,6711.61875,8,53692.95,High Value
CUST0940,9,30,53572.9,7844.3099999999995,2025-12-23,5952.544444444445,9,53572.9,High Value
CUST0392,9,31,53311.3,10538.56,2025-12-31,5923.477777777778,9,53311.3,High Value
CUST0963,4,13,52988.4,10068.75,2025-08-02,13247.1,4,52988.4,High Spending Occasional
CUST0256,9,29,52933.5,10257.66,2025-11-26,5881.5,9,52933.5,High Value
CUST1338,7,29,52623.8,11357.81,2025-12-18,7517.685714285714,7,52623.8,High Value
CUST1179,12,34,52622.15,10090.68,2025-08-11,4385.179166666667,12,52622.15,High Value
CUST0496,8,28,52336.4,11791.1,2025-12-14,6542.05,8,52336.4,High Value
CUST1007,7,27,52316.15,8872.380000000001,2025-06-23,7473.7357142857145,7,52316.15,High Value
CUST1444,5,21,52266.05,10063.17,2025-10-07,10453.210000000001,5,52266.05,High Value
CUST0115,10,29,52243.55,10576.34,2025-11-30,5224.3550000000005,10,52243.55,High Value
CUST0764,8,30,52231.15,9668.23,2025-11-14,6528.89375,8,52231.15,High Value
CUST0948,10,32,52135.85,11606.95,2025-12-24,5213.585,10,52135.85,High Value
CUST0860,6,20,52090.9,11032.449999999999,2025-12-18,8681.816666666668,6,52090.9,High Value
CUST0275,11,29,52045.299999999996,11550.65,2025-12-12,4731.390909090908,11,52045.299999999996,High Value
CUST0575,8,29,52042.6,11156.689999999999,2025-12-20,6505.325,8,52042.6,High Value
CUST0090,6,23,51847.15,11839.130000000001,2025-09-15,8641.191666666668,6,51847.15,High Value
CUST0405,5,21,51726.3,8726.81,2025-11-17,10345.26,5,51726.3,High Value
CUST0895,9,28,51229.25,8532.1,2025-12-24,5692.138888888889,9,51229.25,High Value
CUST0340,7,23,51179.1,9967.650000000001,2025-11-06,7311.3,7,51179.1,High Value
CUST0595,9,27,51145.85,6489.91,2025-11-18,5682.872222222222,9,51145.85,High Value
CUST1353,9,26,50902.35,9192.869999999999,2025-10-23,5655.816666666667,9,50902.35,High Value
CUST1236,8,26,50811.399999999994,11500.43,2025-12-27,6351.424999999999,8,50811.399999999994,High Value
CUST0913,10,28,50690.3,9045.64,2025-11-30,5069.030000000001,10,50690.3,High Value
CUST0291,9,26,50582.7,10798.82,2025-12-12,5620.299999999999,9,50582.7,High Value
CUST0790,9,32,50480.45,9696.19,2025-08-08,5608.938888888889,9,50480.45,High Value
CUST0247,7,26,50166.95,9965.5,2025-12-16,7166.707142857143,7,50166.95,High Value
CUST0312,7,20,50121.75,10400.65,2025-08-15,7160.25,7,50121.75,High Value
CUST0899,5,18,50098.850000000006,6916.35,2025-12-26,10019.77,5,50098.850000000006,High Value
CUST0878,6,16,50010.0,10535.58,2025-11-29,8335.0,6,50010.0,High Value
CUST0640,7,27,50004.5,7198.92,2025-11-02,7143.5,7,50004.5,High Value
CUST0910,9,25,50002.05,12498.14,2025-11-07,5555.783333333334,9,50002.05,High Value
CUST1343,8,26,49806.65,11816.44,2025-11-30,6225.83125,8,49806.65,High Value
CUST1174,8,30,49724.25,8789.8,2025-11-25,6215.53125,8,49724.25,High Value
CUST1209,6,21,49576.3,10393.630000000001,2025-09-15,8262.716666666667,6,49576.3,High Value
CUST1025,6,19,49526.8,7305.87,2025-12-12,8254.466666666667,6,49526.8,High Value
CUST0635,6,22,49469.1,12085.14,2025-12-25,8244.85,6,49469.1,High Value
CUST0219,7,21,49455.75,7563.33,2025-08-11,7065.107142857143,7,49455.75,High Value
CUST1438,9,26,48985.9,10648.2,2025-10-17,5442.877777777778,9,48985.9,High Value
CUST1247,9,24,48928.65,10740.21,2025-12-25,5436.516666666666,9,48928.65,High Value
CUST0189,6,23,48779.3,9740.68,2025-12-19,8129.883333333334,6,48779.3,High Value
CUST0869,9,31,48736.5,11191.380000000001,2025-11-30,5415.166666666667,9,48736.5,High Value
CUST0930,9,24,48577.399999999994,11661.92,2025-10-15,5397.488888888888,9,48577.399999999994,High Value
CUST0735,7,23,48489.05,7727.41,2025-10-08,6927.007142857144,7,48489.05,High Value
CUST1087,7,28,48462.25,7344.79,2025-11-23,6923.178571428572,7,48462.25,High Value
CUST1421,12,43,48414.95,7652.46,2025-12-14,4034.5791666666664,12,48414.95,High Value
CUST0644,10,34,48349.0,9269.06,2025-11-17,4834.9,10,48349.0,High Value
CUST1322,8,26,48295.9,9205.15,2025-12-12,6036.9875,8,48295.9,High Value
CUST1303,9,25,48286.25,9887.54,2025-12-11,5365.138888888889,9,48286.25,High Value
CUST1080,6,16,48284.45,7839.42,2025-10-15,8047.408333333333,6,48284.45,High Value
CUST1116,5,19,48167.65,8064.97,2025-12-23,9633.53,5,48167.65,High Value
CUST1203,6,21,48165.0,7581.07,2025-08-22,8027.5,6,48165.0,High Value
CUST0864,5,18,48048.55,9671.06,2025-12-11,9609.710000000001,5,48048.55,High Value
CUST1100,7,20,48021.45,9701.380000000001,2025-11-04,6860.207142857143,7,48021.45,High Value
CUST0819,7,30,47774.75,7827.82,2025-08-08,6824.964285714285,7,47774.75,High Value
CUST1264,10,26,47701.100000000006,10244.9,2025-12-31,4770.110000000001,10,47701.100000000006,High Value
CUST0184,7,22,47388.3,7672.48,2025-10-27,6769.757142857144,7,47388.3,High Value
CUST0244,8,24,47307.55,9450.41,2025-12-18,5913.44375,8,47307.55,High Value
CUST1390,6,23,47303.65,11154.7,2025-11-12,7883.941666666667,6,47303.65,High Value
CUST0372,10,27,47284.65,8876.98,2025-11-25,4728.465,10,47284.65,High Value
CUST0446,10,32,47216.450000000004,6997.54,2025-12-29,4721.645,10,47216.450000000004,High Value
CUST1357,5,17,47038.95,6239.04,2025-11-07,9407.789999999999,5,47038.95,High Value
CUST0555,5,14,46896.45,11443.12,2025-12-20,9379.289999999999,5,46896.45,High Value
CUST0158,7,18,46873.1,9484.35,2025-08-30,6696.157142857142,7,46873.1,High Value
CUST0586,5,23,46803.75,9613.73,2025-12-22,9360.75,5,46803.75,High Value
CUST1249,8,23,46792.7,6398.76,2025-12-25,5849.0875,8,46792.7,High Value
CUST1206,9,29,46717.85,7949.5,2025-12-06,5190.872222222222,9,46717.85,High Value
CUST1434,5,18,46457.85,5317.89,2025-12-05,9291.57,5,46457.85,High Value
CUST0383,9,27,46410.65,8119.96,2025-11-25,5156.738888888889,9,46410.65,High Value
CUST0304,7,21,46330.450000000004,8301.019999999999,2025-12-31,6618.635714285715,7,46330.450000000004,High Value
CUST0458,6,23,46328.7,10131.72,2025-12-18,7721.45,6,46328.7,High Value
CUST0037,8,27,46289.9,8874.449999999999,2025-11-24,5786.2375,8,46289.9,High Value
CUST0639,6,22,46214.9,6514.65,2025-08-22,7702.483333333334,6,46214.9,High Value
CUST1015,5,18,46083.85,9540.189999999999,2025-09-30,9216.77,5,46083.85,High Value
CUST1021,10,34,45888.85,7877.650000000001,2025-11-26,4588.885,10,45888.85,High Value
CUST0593,9,32,45730.4,8538.74,2025-10-18,5081.155555555556,9,45730.4,High Value
CUST0848,6,22,45680.3,9865.369999999999,2025-12-22,7613.383333333334,6,45680.3,High Value
CUST0375,5,12,45633.75,9249.449999999999,2025-06-18,9126.75,5,45633.75,High Value
CUST0561,8,24,45569.15,9479.28,2025-11-23,5696.14375,8,45569.15,High Value
CUST1226,7,27,45544.8,8634.96,2025-12-06,6506.400000000001,7,45544.8,High Value
CUST0959,10,33,45408.55,6966.57,2025-12-27,4540.8550000000005,10,45408.55,High Value
CUST1022,7,19,45251.95,9880.369999999999,2025-12-05,6464.564285714286,7,45251.95,High Value
CUST0740,8,22,45230.200000000004,7106.62,2025-12-12,5653.775000000001,8,45230.200000000004,High Value
CUST0991,6,18,45063.2,7828.57,2025-10-11,7510.533333333333,6,45063.2,High Value
CUST1180,6,20,44866.35,10091.58,2025-12-19,7477.724999999999,6,44866.35,High Value
CUST0058,9,27,44825.2,8272.33,2025-11-27,4980.577777777778,9,44825.2,High Value
CUST1232,8,27,44795.9,8285.96,2025-11-30,5599.4875,8,44795.9,High Value
CUST0605,9,27,44785.700000000004,9408.050000000001,2025-12-14,4976.18888888889,9,44785.700000000004,High Value
CUST0585,7,28,44753.1,7018.05,2025-12-29,6393.3,7,44753.1,High Value
CUST0973,8,19,44698.1,7020.71,2025-08-22,5587.2625,8,44698.1,High Value
CUST0981,8,23,44674.55,7131.35,2025-12-13,5584.31875,8,44674.55,High Value
CUST1259,5,19,44521.95,9412.509999999998,2025-12-14,8904.39,5,44521.95,High Value
CUST1104,7,29,44347.85,7974.3099999999995,2025-12-04,6335.407142857142,7,44347.85,High Value
CUST0213,8,22,44328.9,8019.82,2025-09-21,5541.1125,8,44328.9,High Value
CUST0527,10,26,44295.3,9411.55,2025-10-17,4429.530000000001,10,44295.3,High Value
CUST0052,6,18,44262.9,9300.08,2025-11-10,7377.150000000001,6,44262.9,High Value
CUST0144,6,24,44218.4,8725.769999999999,2025-12-27,7369.733333333334,6,44218.4,High Value
CUST0849,7,19,44192.7,7826.33,2025-09-14,6313.242857142856,7,44192.7,High Value
CUST1124,6,26,44192.3,5700.97,2025-10-13,7365.383333333334,6,44192.3,High Value
CUST0838,9,21,44190.6,7392.89,2025-08-26,4910.066666666667,9,44190.6,High Value
CUST1170,9,33,44173.25,9434.26,2025-12-27,4908.138888888889,9,44173.25,High Value
CUST0818,6,14,44021.7,5744.04,2025-12-08,7336.95,6,44021.7,High Value
CUST0977,6,22,43899.1,9693.619999999999,2025-11-01,7316.516666666666,6,43899.1,High Value
CUST0027,7,24,43853.1,8517.5,2025-11-25,6264.728571428571,7,43853.1,High Value
CUST0857,4,16,43845.75,10711.460000000001,2025-12-15,10961.4375,4,43845.75,High Spending Occasional
CUST0387,10,34,43844.1,6763.99,2025-10-05,4384.41,10,43844.1,High Value
CUST1213,6,18,43804.0,9559.949999999999,2025-11-28,7300.666666666667,6,43804.0,High Value
CUST0544,7,21,43786.25,5084.55,2025-11-17,6255.178571428572,7,43786.25,High Value
CUST0063,6,21,43690.1,8260.72,2025-10-28,7281.683333333333,6,43690.1,High Value
CUST0147,8,29,43608.2,7055.48,2025-08-13,5451.025,8,43608.2,High Value
CUST0428,8,28,43599.75,8163.94,2025-10-26,5449.96875,8,43599.75,High Value
CUST1175,6,22,43480.0,8336.14,2025-08-19,7246.666666666667,6,43480.0,High Value
CUST0789,7,21,43370.7,9431.210000000001,2025-10-28,6195.814285714286,7,43370.7,High Value
CUST0725,8,25,43288.3,6953.27,2025-11-07,5411.0375,8,43288.3,High Value
CUST1481,7,19,43027.200000000004,7890.05,2025-12-27,6146.742857142858,7,43027.200000000004,High Value
CUST0944,7,26,43026.85,9291.960000000001,2025-10-12,6146.692857142857,7,43026.85,High Value
CUST0306,8,26,43020.4,9572.55,2025-10-16,5377.55,8,43020.4,High Value
CUST0329,9,28,42919.3,7327.780000000001,2025-10-24,4768.811111111111,9,42919.3,High Value
CUST1060,5,16,42844.9,5017.84,2025-12-09,8568.98,5,42844.9,High Value
CUST0493,6,23,42823.35,7180.12,2025-11-20,7137.224999999999,6,42823.35,High Value
CUST0075,5,21,42779.75,9861.17,2025-11-28,8555.95,5,42779.75,High Value
CUST0384,10,37,42721.45,7619.28,2025-12-18,4272.1449999999995,10,42721.45,High Value
CUST0353,9,24,42683.5,8742.84,2025-10-07,4742.611111111111,9,42683.5,High Value
CUST1447,9,22,42653.95,9053.59,2025-12-13,4739.327777777778,9,42653.95,High Value
CUST0623,7,19,42642.6,9312.67,2025-12-29,6091.8,7,42642.6,High Value
CUST0507,7,30,42602.9,9609.789999999999,2025-12-27,6086.128571428571,7,42602.9,High Value
CUST0892,10,32,42576.5,6586.97,2025-12-25,4257.65,10,42576.5,High Value
CUST1043,10,31,42565.85,9728.87,2025-11-16,4256.585,10,42565.85,High Value
CUST0210,5,18,42557.7,6658.54,2025-09-22,8511.539999999999,5,42557.7,High Value
CUST0782,5,20,42556.1,9055.32,2025-11-22,8511.22,5,42556.1,High Value
CUST0235,7,23,42508.6,8460.39,2025-12-17,6072.657142857142,7,42508.6,High Value
CUST1383,6,21,42486.35,7170.96,2025-12-05,7081.058333333333,6,42486.35,High Value
CUST1246,4,12,42364.35,7165.97,2025-11-20,10591.0875,4,42364.35,High Spending Occasional
CUST1318,8,29,42108.55,8329.65,2025-11-03,5263.56875,8,42108.55,High Value
CUST0773,7,16,42079.95,8424.49,2025-12-19,6011.421428571428,7,42079.95,High Value
CUST1470,6,22,42034.35,8148.55,2025-09-14,7005.724999999999,6,42034.35,High Value
CUST0970,5,18,41793.3,8970.11,2025-12-07,8358.66,5,41793.3,High Value
CUST0777,8,25,41782.2,7109.15,2025-07-25,5222.775,8,41782.2,High Value
CUST1304,7,21,41775.850000000006,9658.64,2025-09-25,5967.978571428573,7,41775.850000000006,High Value
CUST0131,7,24,41730.85,5872.5,2025-11-01,5961.55,7,41730.85,High Value
CUST0603,8,26,41531.25,7643.42,2025-09-16,5191.40625,8,41531.25,High Value
CUST0733,7,25,41511.2,6222.95,2025-11-11,5930.171428571428,7,41511.2,High Value
CUST0083,7,22,41413.75,7671.08,2025-11-16,5916.25,7,41413.75,High Value
CUST0293,8,28,41332.25,7695.87,2025-11-16,5166.53125,8,41332.25,High Value
CUST0330,8,30,41323.75,8997.71,2025-11-16,5165.46875,8,41323.75,High Value
CUST0676,7,21,41189.3,5834.29,2025-12-04,5884.185714285714,7,41189.3,High Value
CUST1056,5,15,41185.8,8577.2,2025-12-27,8237.16,5,41185.8,High Value
CUST0531,5,15,41096.7,8233.210000000001,2025-07-02,8219.34,5,41096.7,High Value
CUST0794,8,29,41054.0,7874.55,2025-12-31,5131.75,8,41054.0,High Value
CUST1146,7,25,40929.8,8728.77,2025-11-29,5847.114285714286,7,40929.8,High Value
CUST0556,10,30,40922.05,8890.84,2025-11-09,4092.2050000000004,10,40922.05,High Value
CUST0241,9,33,40790.7,7914.160000000001,2025-12-16,4532.299999999999,9,40790.7,High Value
CUST0887,7,20,40751.0,8664.68,2025-09-16,5821.571428571428,7,40751.0,High Value
CUST0986,6,19,40747.799999999996,5147.7300000000005,2025-11-09,6791.299999999999,6,40747.799999999996,High Value
CUST0095,5,16,40665.7,10048.39,2025-12-04,8133.139999999999,5,40665.7,High Value
CUST1415,6,22,40656.8,7081.33,2025-12-25,6776.133333333334,6,40656.8,High Value
CUST0918,6,20,40641.15,9058.84,2025-10-04,6773.525000000001,6,40641.15,High Value
CUST1123,7,20,40631.25,8183.4400000000005,2025-12-23,5804.464285714285,7,40631.25,High Value
CUST0925,6,20,40602.4,6970.14,2025-10-01,6767.066666666667,6,40602.4,High Value
CUST0134,7,23,40579.5,7430.43,2025-12-21,5797.071428571428,7,40579.5,High Value
CUST0886,9,30,40412.3,7183.21,2025-12-28,4490.2555555555555,9,40412.3,High Value
CUST0648,8,21,40320.8,7194.88,2025-10-04,5040.1,8,40320.8,High Value
CUST0315,7,24,40144.05,7519.98,2025-11-23,5734.864285714286,7,40144.05,High Value
CUST1298,7,29,40063.8,4647.14,2025-10-15,5723.400000000001,7,40063.8,High Value
CUST0157,9,28,40053.8,9881.67,2025-12-14,4450.422222222222,9,40053.8,High Value
CUST0588,7,16,40010.1,8416.86,2025-11-04,5715.728571428571,7,40010.1,High Value
CUST0197,5,19,39813.5,6252.91,2025-10-22,7962.7,5,39813.5,High Value
CUST0506,6,22,39801.9,5148.24,2025-11-30,6633.650000000001,6,39801.9,High Value
CUST0714,5,22,39785.55,9403.279999999999,2025-12-01,7957.110000000001,5,39785.55,High Value
CUST0822,6,22,39670.1,7057.52,2025-09-20,6611.683333333333,6,39670.1,High Value
CUST1497,5,18,39614.1,8245.17,2025-10-10,7922.82,5,39614.1,High Value
CUST0485,4,15,39550.75,8798.49,2025-10-22,9887.6875,4,39550.75,High Spending Occasional
CUST1380,6,23,39528.8,6743.05,2025-09-26,6588.133333333334,6,39528.8,High Value
CUST1008,10,27,39526.2,6906.63,2025-09-11,3952.62,10,39526.2,High Value
CUST1498,8,21,39486.2,4200.76,2025-12-27,4935.775,8,39486.2,High Value
CUST0707,9,23,39446.05,7680.17,2025-12-09,4382.894444444445,9,39446.05,High Value
CUST1113,7,18,39358.25,8663.14,2025-11-10,5622.607142857143,7,39358.25,High Value
CUST0018,6,17,39319.3,6469.5,2025-11-13,6553.216666666667,6,39319.3,High Value
CUST1136,9,21,39255.65,8620.880000000001,2025-12-29,4361.738888888889,9,39255.65,High Value
CUST1401,6,19,39251.95,8360.32,2025-10-23,6541.991666666666,6,39251.95,High Value
CUST1243,6,19,39232.9,7519.26,2025-11-29,6538.816666666667,6,39232.9,High Value
CUST0941,6,20,39201.3,8482.3,2025-10-04,6533.55,6,39201.3,High Value
CUST1190,7,14,39191.75,6753.030000000001,2025-12-19,5598.821428571428,7,39191.75,High Value
CUST1384,7,19,39153.25,6394.57,2025-09-25,5593.321428571428,7,39153.25,High Value
CUST0453,8,19,39067.3,7722.03,2025-12-17,4883.4125,8,39067.3,High Value
CUST1096,9,25,39031.6,6152.01,2025-10-23,4336.844444444444,9,39031.6,High Value
CUST0366,9,22,38989.6,5453.75,2025-09-05,4332.177777777778,9,38989.6,High Value
CUST0483,7,27,38836.5,5110.360000000001,2025-12-07,5548.071428571428,7,38836.5,High Value
CUST0059,5,20,38772.3,8504.59,2025-12-30,7754.460000000001,5,38772.3,High Value
CUST0199,9,27,38764.450000000004,6704.639999999999,2025-12-12,4307.1611111111115,9,38764.450000000004,High Value
CUST0424,6,21,38681.7,8016.45,2025-11-03,6446.95,6,38681.7,High Value
CUST0257,5,20,38581.6,7206.389999999999,2025-11-25,7716.32,5,38581.6,High Value
CUST0026,8,22,38565.0,4585.15,2025-11-24,4820.625,8,38565.0,High Value
CUST0893,8,22,38555.899999999994,8008.780000000001,2025-12-26,4819.487499999999,8,38555.899999999994,High Value
CUST1251,6,22,38529.5,6459.0,2025-09-29,6421.583333333333,6,38529.5,High Value
CUST0844,11,26,38496.4,8302.25,2025-12-02,3499.6727272727276,11,38496.4,High Value
CUST0524,7,21,38455.25,6367.96,2025-11-02,5493.607142857143,7,38455.25,High Value
CUST1120,6,22,38424.7,8670.16,2025-08-15,6404.116666666666,6,38424.7,High Value
CUST0364,12,31,38421.95,5740.01,2025-10-10,3201.8291666666664,12,38421.95,High Value
CUST0717,7,21,38390.6,7130.54,2025-12-02,5484.371428571429,7,38390.6,High Value
CUST0935,8,24,38327.95,9412.51,2025-11-27,4790.99375,8,38327.95,High Value
CUST1149,6,15,38326.600000000006,10657.8,2025-12-07,6387.766666666667,6,38326.600000000006,High Value
CUST1496,7,21,38226.45,6702.96,2025-12-18,5460.921428571428,7,38226.45,High Value
CUST0896,4,16,38189.55,6950.62,2025-09-02,9547.3875,4,38189.55,High Spending Occasional
CUST0368,6,16,38134.7,5965.24,2025-12-05,6355.783333333333,6,38134.7,High Value
CUST0357,7,19,38113.0,8704.45,2025-11-16,5444.714285714285,7,38113.0,High Value
CUST0642,8,25,38095.8,6012.74,2025-12-30,4761.975,8,38095.8,High Value
CUST1364,8,19,38047.4,8035.96,2025-11-14,4755.925,8,38047.4,High Value
CUST0655,8,28,38019.1,8443.53,2025-11-23,4752.3875,8,38019.1,High Value
CUST0276,7,22,38004.35,8096.34,2025-12-16,5429.192857142857,7,38004.35,High Value
CUST0443,4,13,37942.75,7172.610000000001,2025-10-31,9485.6875,4,37942.75,High Spending Occasional
CUST1198,7,18,37934.200000000004,9211.7,2025-11-21,5419.171428571429,7,37934.200000000004,High Value
CUST0334,6,20,37896.45,8024.299999999999,2025-08-04,6316.075,6,37896.45,High Value
CUST0671,7,24,37892.200000000004,5348.51,2025-08-30,5413.171428571429,7,37892.200000000004,High Value
CUST1427,9,31,37887.15,5546.63,2025-12-16,4209.683333333333,9,37887.15,High Value
CUST0921,7,23,37878.95,5010.780000000001,2025-12-04,5411.278571428571,7,37878.95,High Value
CUST0356,7,17,37850.05,5784.6900000000005,2025-12-22,5407.150000000001,7,37850.05,High Value
CUST1346,8,23,37809.2,5895.59,2025-12-31,4726.15,8,37809.2,High Value
CUST0072,8,25,37792.5,6021.969999999999,2025-12-31,4724.0625,8,37792.5,High Value
CUST0501,7,21,37765.4,6696.87,2025-11-02,5395.057142857143,7,37765.4,High Value
CUST1095,5,17,37709.95,6765.67,2025-08-27,7541.99,5,37709.95,High Value
CUST1272,3,12,37664.75,7524.19,2025-10-07,12554.916666666666,3,37664.75,High Spending Occasional
CUST1349,5,18,37652.8,7457.05,2025-11-20,7530.56,5,37652.8,High Value
CUST0379,5,14,37646.4,8614.5,2025-10-09,7529.280000000001,5,37646.4,High Value
CUST0787,6,18,37589.15,6911.66,2025-10-24,6264.858333333334,6,37589.15,High Value
CUST0842,6,22,37584.65,7383.3,2025-05-30,6264.108333333334,6,37584.65,High Value
CUST1359,5,18,37484.1,6420.62,2025-08-14,7496.82,5,37484.1,High Value
CUST0082,9,24,37416.95,7891.27,2025-11-10,4157.438888888889,9,37416.95,High Value
CUST0113,9,25,37396.75,6430.01,2025-12-09,4155.194444444444,9,37396.75,High Value
CUST1473,7,20,37386.55,5639.12,2025-09-27,5340.935714285714,7,37386.55,High Value
CUST0236,7,21,37320.6,6273.56,2025-11-03,5331.5142857142855,7,37320.6,High Value
CUST0870,7,23,37298.4,6570.88,2025-09-01,5328.342857142858,7,37298.4,High Value
CUST0945,6,21,37270.4,6292.4,2025-12-14,6211.733333333334,6,37270.4,High Value
CUST0316,7,21,37155.85,6488.9,2025-12-02,5307.978571428571,7,37155.85,High Value
CUST0301,6,19,37107.85,6665.21,2025-12-21,6184.641666666666,6,37107.85,High Value
CUST1460,4,15,37099.1,8819.34,2025-07-04,9274.775,4,37099.1,High Spending Occasional
CUST0909,6,16,37059.75,7528.92,2025-11-08,6176.625,6,37059.75,High Value
CUST1065,6,22,37044.2,8448.75,2025-12-09,6174.033333333333,6,37044.2,High Value
CUST1442,5,13,37038.1,5045.92,2025-09-09,7407.62,5,37038.1,High Value
CUST1458,9,24,36998.7,6893.889999999999,2025-11-14,4110.966666666666,9,36998.7,High Value
CUST0143,8,27,36986.05,6649.24,2025-12-22,4623.25625,8,36986.05,High Value
CUST1494,7,19,36967.2,7010.32,2025-10-25,5281.028571428571,7,36967.2,High Value
CUST0331,6,23,36933.05,6814.41,2025-10-21,6155.508333333334,6,36933.05,High Value
CUST1004,6,18,36928.55,8962.96,2025-11-20,6154.758333333334,6,36928.55,High Value
CUST0631,6,17,36899.05,4476.07,2025-10-29,6149.841666666667,6,36899.05,High Value
CUST1477,7,24,36868.45,7282.889999999999,2025-12-21,5266.921428571428,7,36868.45,High Value
CUST0141,7,18,36808.55,7221.02,2025-10-28,5258.364285714286,7,36808.55,High Value
CUST0495,3,13,36789.0,9153.07,2025-09-30,12263.0,3,36789.0,High Spending Occasional
CUST0680,5,14,36787.1,6785.2699999999995,2025-09-21,7357.42,5,36787.1,High Value
CUST1000,7,20,36767.0,7389.7699999999995,2025-11-15,5252.428571428572,7,36767.0,High Value
CUST0150,6,19,36752.7,8259.38,2025-12-05,6125.45,6,36752.7,High Value
CUST1176,4,14,36732.35,6963.82,2025-10-26,9183.0875,4,36732.35,High Spending Occasional
CUST0429,8,16,36650.15,7575.46,2025-12-29,4581.26875,8,36650.15,High Value
CUST0341,8,18,36648.2,6356.89,2025-10-01,4581.025,8,36648.2,High Value
CUST1282,6,18,36588.9,8020.5,2025-09-06,6098.150000000001,6,36588.9,High Value
CUST0861,8,24,36517.8,7609.62,2025-12-28,4564.725,8,36517.8,High Value
CUST1061,9,25,36507.2,6569.46,2025-12-20,4056.3555555555554,9,36507.2,High Value
CUST0066,5,18,36494.5,8587.279999999999,2025-11-06,7298.9,5,36494.5,High Value
CUST0264,5,18,36478.55,8285.67,2025-12-19,7295.710000000001,5,36478.55,High Value
CUST0108,7,23,36428.65,7174.3,2025-11-30,5204.092857142858,7,36428.65,High Value
CUST1144,8,23,36428.6,5218.39,2025-09-25,4553.575,8,36428.6,High Value
CUST0183,6,21,36426.2,7066.54,2025-09-05,6071.033333333333,6,36426.2,High Value
CUST1387,6,17,36419.2,7327.23,2025-12-02,6069.866666666666,6,36419.2,High Value
CUST1231,7,24,36408.85,6635.18,2025-12-14,5201.2642857142855,7,36408.85,High Value
CUST0073,8,26,36360.85,7620.95,2025-11-21,4545.10625,8,36360.85,High Value
CUST1287,8,22,36349.6,5174.03,2025-12-27,4543.7,8,36349.6,High Value
CUST0825,11,33,36319.45,5600.8,2025-10-30,3301.7681818181813,11,36319.45,High Value
CUST1153,5,20,36312.5,6685.710000000001,2025-11-14,7262.5,5,36312.5,High Value
CUST1133,7,19,36242.45,6473.84,2025-12-20,5177.492857142856,7,36242.45,High Value
CUST0376,10,22,36199.350000000006,6756.04,2025-11-22,3619.9350000000004,10,36199.350000000006,High Value
CUST1361,8,16,36125.6,6777.72,2025-11-28,4515.7,8,36125.6,High Value
CUST0419,5,16,36125.5,7784.8,2025-09-09,7225.1,5,36125.5,High Value
CUST0086,5,18,36104.4,5787.26,2025-10-30,7220.88,5,36104.4,High Value
CUST0743,8,28,36059.7,6522.85,2025-12-15,4507.4625,8,36059.7,High Value
CUST0450,5,17,36054.7,8856.14,2025-12-03,7210.94,5,36054.7,High Value
CUST1197,4,12,36014.6,7736.66,2025-12-03,9003.65,4,36014.6,High Spending Occasional
CUST1044,5,21,35996.55,4846.7,2025-12-14,7199.31,5,35996.55,High Value
CUST1461,6,21,35980.7,7486.21,2025-11-18,5996.783333333333,6,35980.7,High Value
CUST1185,7,19,35877.25,7796.349999999999,2025-11-18,5125.321428571428,7,35877.25,High Value
CUST0984,6,15,35871.0,6286.889999999999,2025-11-12,5978.5,6,35871.0,High Value
CUST0732,7,22,35860.35,6947.77,2025-11-18,5122.907142857142,7,35860.35,High Value
CUST1189,7,24,35848.1,6520.3,2025-12-20,5121.157142857142,7,35848.1,High Value
CUST1283,8,26,35795.1,6683.78,2025-12-13,4474.3875,8,35795.1,High Value
CUST1252,6,13,35757.55,7199.94,2025-10-31,5959.591666666667,6,35757.55,High Value
CUST1402,9,25,35727.8,5394.51,2025-12-12,3969.755555555556,9,35727.8,High Value
CUST1250,6,15,35630.4,7476.569999999999,2025-11-13,5938.400000000001,6,35630.4,High Value
CUST0300,5,16,35600.05,7545.94,2025-12-28,7120.01,5,35600.05,High Value
CUST0324,8,28,35580.95,6419.55,2025-12-13,4447.61875,8,35580.95,High Value
CUST0580,5,23,35559.7,5645.76,2025-12-27,7111.94,5,35559.7,High Value
CUST0413,6,16,35488.3,7471.33,2025-11-21,5914.716666666667,6,35488.3,High Value
CUST0222,9,19,35422.8,6282.9800000000005,2025-12-30,3935.866666666667,9,35422.8,High Value
CUST0951,9,23,35392.0,6824.07,2025-12-14,3932.4444444444443,9,35392.0,High Value
CUST0408,5,23,35330.3,7137.05,2025-10-17,7066.06,5,35330.3,High Value
CUST0393,6,18,35309.1,6927.92,2025-12-16,5884.849999999999,6,35309.1,High Value
CUST0781,6,21,35260.6,6640.78,2025-08-15,5876.766666666666,6,35260.6,High Value
CUST0103,6,25,35257.4,6433.52,2025-11-19,5876.233333333334,6,35257.4,High Value
CUST0997,6,22,35240.5,4605.35,2025-12-27,5873.416666666667,6,35240.5,High Value
CUST0729,8,29,35237.3,6140.17,2025-11-19,4404.6625,8,35237.3,High Value
CUST1141,7,23,35203.45,7556.42,2025-12-03,5029.064285714286,7,35203.45,High Value
CUST0449,8,22,35189.9,6071.66,2025-10-29,4398.7375,8,35189.9,High Value
CUST1411,5,18,35183.600000000006,6434.45,2025-11-21,7036.720000000001,5,35183.600000000006,High Value
CUST0587,5,17,35149.55,7069.59,2025-12-19,7029.910000000001,5,35149.55,High Value
CUST0012,5,17,35139.0,8438.23,2025-08-12,7027.8,5,35139.0,High Value
CUST1270,8,25,35122.15,6013.77,2025-12-19,4390.26875,8,35122.15,High Value
CUST0616,6,20,35106.8,5092.63,2025-12-19,5851.133333333334,6,35106.8,High Value
CUST1052,8,32,35085.25,7456.65,2025-09-03,4385.65625,8,35085.25,High Value
CUST0473,7,27,35077.9,6771.23,2025-08-29,5011.128571428571,7,35077.9,High Value
CUST0054,7,19,35013.3,7510.8,2025-11-07,5001.900000000001,7,35013.3,High Value
CUST0080,7,22,34900.2,5925.26,2025-12-25,4985.742857142856,7,34900.2,High Value
CUST1354,7,19,34878.3,6942.3,2025-09-22,4982.614285714286,7,34878.3,High Value
CUST1484,5,16,34854.65,7135.86,2025-12-25,6970.93,5,34854.65,High Value
CUST0472,6,13,34828.45,6601.9,2025-12-24,5804.741666666666,6,34828.45,High Value
CUST0801,9,22,34819.65,5480.83,2025-11-28,3868.8500000000004,9,34819.65,High Value
CUST1053,3,12,34789.45,6980.5199999999995,2025-10-30,11596.483333333332,3,34789.45,High Spending Occasional
CUST0708,9,29,34753.9,6924.88,2025-10-18,3861.5444444444447,9,34753.9,High Value
CUST0006,4,12,34729.4,8508.27,2025-09-12,8682.35,4,34729.4,High Spending Occasional
CUST1192,8,28,34707.15,7010.120000000001,2025-12-07,4338.39375,8,34707.15,High Value
CUST0258,6,19,34672.4,6426.11,2025-08-29,5778.733333333334,6,34672.4,High Value
CUST0225,5,15,34646.05,4734.13,2025-10-19,6929.210000000001,5,34646.05,High Value
CUST0916,5,18,34603.600000000006,5269.32,2025-10-02,6920.720000000001,5,34603.600000000006,High Value
CUST1351,7,17,34583.85,5004.15,2025-12-31,4940.55,7,34583.85,High Value
CUST0401,6,18,34578.55,8325.970000000001,2025-07-27,5763.091666666667,6,34578.55,High Value
CUST1257,7,16,34544.6,7860.2699999999995,2025-12-07,4934.942857142857,7,34544.6,High Value
CUST1166,8,24,34538.1,7541.32,2025-10-31,4317.2625,8,34538.1,High Value
CUST0924,7,23,34458.15,6253.97,2025-12-15,4922.592857142858,7,34458.15,High Value
CUST0820,7,19,34452.6,7616.0199999999995,2025-09-09,4921.8,7,34452.6,High Value
CUST0607,5,18,34322.9,6123.19,2025-10-22,6864.58,5,34322.9,High Value
CUST1107,8,23,34297.95,6759.93,2025-11-05,4287.24375,8,34297.95,High Value
CUST0118,7,22,34284.05,5964.55,2025-12-30,4897.721428571429,7,34284.05,High Value
CUST0272,7,22,34160.1,5691.530000000001,2025-12-14,4880.0142857142855,7,34160.1,High Value
CUST1326,7,21,34130.700000000004,7771.73,2025-11-04,4875.814285714287,7,34130.700000000004,High Value
CUST1112,6,18,34103.5,7436.1900000000005,2025-12-01,5683.916666666667,6,34103.5,High Value
CUST1369,6,22,34084.7,5842.51,2025-05-13,5680.783333333333,6,34084.7,High Value
CUST0116,6,16,34045.3,8153.549999999999,2025-12-14,5674.216666666667,6,34045.3,High Value
CUST0227,5,15,34030.85,6120.42,2025-11-22,6806.17,5,34030.85,High Value
CUST1127,6,19,34013.9,6700.51,2025-11-29,5668.983333333334,6,34013.9,High Value
CUST0832,6,21,33901.05,5978.84,2025-10-24,5650.175,6,33901.05,High Value
CUST0382,4,15,33825.5,6510.76,2025-10-09,8456.375,4,33825.5,High Spending Occasional
CUST1278,6,18,33813.65,5823.78,2025-12-27,5635.608333333334,6,33813.65,High Value
CUST0386,8,21,33790.8,6064.32,2025-12-29,4223.85,8,33790.8,High Value
CUST0014,7,17,33759.55,6264.33,2025-10-30,4822.792857142857,7,33759.55,High Value
CUST0512,4,14,33757.2,7935.080000000001,2025-12-04,8439.3,4,33757.2,High Spending Occasional
CUST0034,6,16,33745.1,6278.28,2025-12-06,5624.183333333333,6,33745.1,High Value
CUST0692,6,20,33736.05,6393.16,2025-11-07,5622.675,6,33736.05,High Value
CUST1271,7,24,33733.9,5576.4,2025-12-29,4819.128571428571,7,33733.9,High Value
CUST0216,9,20,33732.15,5250.76,2025-10-11,3748.016666666667,9,33732.15,High Value
CUST0624,7,22,33710.1,6189.08,2025-11-02,4815.728571428571,7,33710.1,High Value
CUST0498,6,17,33709.75,6916.22,2025-12-18,5618.291666666667,6,33709.75,High Value
CUST0146,7,26,33661.25,4131.35,2025-10-06,4808.75,7,33661.25,High Value
CUST0929,7,19,33628.299999999996,7185.139999999999,2025-09-15,4804.0428571428565,7,33628.299999999996,High Value
CUST0665,7,26,33615.9,6337.39,2025-12-28,4802.271428571429,7,33615.9,High Value
CUST1002,7,24,33542.85,7779.6,2025-12-06,4791.835714285714,7,33542.85,High Value
CUST1355,6,27,33540.15,5528.63,2025-10-29,5590.025000000001,6,33540.15,High Value
CUST1244,7,15,33521.6,8404.52,2025-12-22,4788.8,7,33521.6,High Value
CUST0478,5,20,33482.0,6128.74,2025-07-06,6696.4,5,33482.0,High Value
CUST1240,5,16,33360.5,6950.73,2025-11-03,6672.1,5,33360.5,High Value
CUST0637,7,17,33329.2,6049.5,2025-12-11,4761.314285714286,7,33329.2,High Value
CUST0520,7,16,33315.8,6847.43,2025-12-15,4759.400000000001,7,33315.8,High Value
CUST1392,4,17,33284.3,6841.339999999999,2025-11-16,8321.075,4,33284.3,High Spending Occasional
CUST0573,8,21,33176.0,6953.1900000000005,2025-11-03,4147.0,8,33176.0,High Value
CUST0078,7,22,33124.9,5700.89,2025-12-04,4732.128571428571,7,33124.9,High Value
CUST0721,4,16,33109.65,5109.67,2025-12-15,8277.4125,4,33109.65,High Spending Occasional
CUST0349,3,12,32953.6,7201.13,2025-12-28,10984.533333333333,3,32953.6,High Spending Occasional
CUST0418,5,17,32920.35,7118.43,2025-09-22,6584.07,5,32920.35,High Value
CUST0261,4,13,32907.7,8693.76,2025-12-29,8226.925,4,32907.7,High Spending Occasional
CUST0499,6,22,32820.3,6983.05,2025-12-28,5470.05,6,32820.3,High Value
CUST0897,5,15,32786.049999999996,6007.469999999999,2025-09-09,6557.209999999999,5,32786.049999999996,High Value
CUST0746,5,18,32743.9,6154.28,2025-12-21,6548.780000000001,5,32743.9,High Value
CUST1093,8,29,32622.55,7190.860000000001,2025-12-31,4077.81875,8,32622.55,High Value
CUST0232,5,14,32596.55,6171.08,2025-12-30,6519.3099999999995,5,32596.55,High Value
CUST0358,6,17,32566.1,8907.92,2025-10-04,5427.683333333333,6,32566.1,High Value
CUST0693,7,24,32519.3,5716.31,2025-12-09,4645.614285714286,7,32519.3,High Value
CUST0100,4,15,32510.75,8860.77,2025-08-31,8127.6875,4,32510.75,High Spending Occasional
CUST1187,6,19,32402.65,7619.370000000001,2025-11-20,5400.441666666667,6,32402.65,High Value
CUST0135,7,18,32398.1,5641.26,2025-11-10,4628.3,7,32398.1,High Value
CUST0252,4,12,32363.25,5686.42,2025-06-21,8090.8125,4,32363.25,High Spending Occasional
CUST1328,8,27,32356.0,6016.9400000000005,2025-08-28,4044.5,8,32356.0,High Value
CUST1320,6,11,32339.699999999997,8329.24,2025-10-13,5389.95,6,32339.699999999997,High Value
CUST1067,9,33,32295.65,5853.4,2025-11-18,3588.4055555555556,9,32295.65,High Value
CUST1325,5,17,32259.75,6906.85,2025-10-19,6451.95,5,32259.75,High Value
CUST0265,6,14,32257.1,6918.8099999999995,2025-11-03,5376.183333333333,6,32257.1,High Value
CUST0296,7,23,32084.45,6888.46,2025-09-29,4583.492857142857,7,32084.45,High Value
CUST1145,4,15,32036.2,7111.349999999999,2025-11-24,8009.05,4,32036.2,High Spending Occasional
CUST1081,8,25,32016.95,6877.38,2025-11-23,4002.11875,8,32016.95,High Value
CUST0036,8,25,32002.4,6326.4,2025-11-18,4000.3,8,32002.4,High Value
CUST0011,6,19,31999.95,7443.07,2025-11-09,5333.325,6,31999.95,High Value
CUST0534,7,24,31984.0,7321.7,2025-12-03,4569.142857142857,7,31984.0,High Value
CUST1098,5,17,31944.05,6091.41,2025-10-02,6388.8099999999995,5,31944.05,High Value
CUST0542,7,21,31941.4,6309.45,2025-12-19,4563.057142857143,7,31941.4,High Value
CUST1297,6,16,31835.0,4042.63,2025-09-12,5305.833333333333,6,31835.0,High Value
CUST0651,6,18,31814.2,6516.61,2025-07-25,5302.366666666667,6,31814.2,High Value
CUST0489,6,18,31813.300000000003,4714.35,2025-10-23,5302.216666666667,6,31813.300000000003,High Value
CUST0271,5,15,31721.25,7521.42,2025-12-18,6344.25,5,31721.25,High Value
CUST0988,5,17,31659.8,5693.76,2025-10-03,6331.96,5,31659.8,High Value
CUST1464,6,14,31631.85,4349.18,2025-12-02,5271.974999999999,6,31631.85,High Value
CUST0487,8,21,31631.15,5232.53,2025-11-04,3953.89375,8,31631.15,High Value
CUST1486,5,12,31584.05,5859.15,2025-09-09,6316.8099999999995,5,31584.05,High Value
CUST1119,10,24,31525.05,6043.88,2025-11-16,3152.505,10,31525.05,High Value
CUST0461,7,19,31492.4,6211.54,2025-12-29,4498.914285714286,7,31492.4,High Value
CUST0641,7,23,31469.2,4976.05,2025-10-12,4495.6,7,31469.2,High Value
CUST1465,6,17,31429.7,5538.61,2025-11-27,5238.283333333334,6,31429.7,High Value
CUST0854,5,11,31399.8,5900.05,2025-09-04,6279.96,5,31399.8,High Value
CUST0955,5,13,31397.6,6071.92,2025-11-11,6279.5199999999995,5,31397.6,High Value
CUST0730,4,13,31393.3,5979.6900000000005,2025-12-31,7848.325,4,31393.3,High Spending Occasional
CUST0583,9,18,31348.2,6968.9,2025-12-21,3483.133333333333,9,31348.2,High Value
CUST0114,7,19,31321.55,7158.87,2025-12-24,4474.507142857143,7,31321.55,High Value
CUST1130,5,17,31319.45,5255.99,2025-11-26,6263.89,5,31319.45,High Value
CUST1140,4,10,31265.3,5346.79,2025-12-27,7816.325,4,31265.3,High Spending Occasional
CUST0742,7,24,31247.45,4586.36,2025-12-13,4463.921428571429,7,31247.45,High Value
CUST0990,6,16,31245.9,6317.09,2025-11-03,5207.650000000001,6,31245.9,High Value
CUST0952,5,16,31129.95,5454.78,2025-12-01,6225.99,5,31129.95,High Value
CUST0444,7,23,31103.55,5529.469999999999,2025-12-31,4443.364285714286,7,31103.55,High Value
CUST0019,7,17,31039.75,7506.64,2025-11-01,4434.25,7,31039.75,High Value
CUST1084,8,20,31030.949999999997,6559.110000000001,2025-10-27,3878.8687499999996,8,31030.949999999997,High Value
CUST1457,8,19,31017.649999999998,6482.71,2025-11-06,3877.2062499999997,8,31017.649999999998,High Value
CUST0850,7,21,30965.65,6890.030000000001,2025-12-16,4423.664285714286,7,30965.65,High Value
CUST0800,4,15,30961.9,5059.07,2025-12-09,7740.475,4,30961.9,High Spending Occasional
CUST0519,7,24,30954.0,5161.889999999999,2025-10-26,4422.0,7,30954.0,High Value
CUST1248,7,22,30946.05,6505.47,2025-11-26,4420.864285714286,7,30946.05,High Value
CUST1418,7,19,30892.5,6067.82,2025-12-29,4413.214285714285,7,30892.5,High Value
CUST1289,7,18,30883.100000000002,5365.25,2025-10-31,4411.871428571429,7,30883.100000000002,High Value
CUST1416,5,19,30819.75,6592.78,2025-10-22,6163.95,5,30819.75,High Value
CUST0447,8,26,30785.7,6564.15,2025-10-31,3848.2125,8,30785.7,High Value
CUST0480,5,16,30746.0,5823.24,2025-05-03,6149.2,5,30746.0,High Value
CUST0486,9,23,30738.95,4474.84,2025-11-15,3415.438888888889,9,30738.95,High Value
CUST0876,6,17,30713.65,7216.98,2025-12-07,5118.941666666667,6,30713.65,High Value
CUST0701,4,18,30632.9,5176.620000000001,2025-10-08,7658.225,4,30632.9,High Spending Occasional
CUST1469,8,25,30631.4,6397.47,2025-12-02,3828.925,8,30631.4,High Value
CUST0927,6,20,30631.300000000003,6626.1900000000005,2025-12-31,5105.216666666667,6,30631.300000000003,High Value
CUST0462,7,18,30545.649999999998,6675.63,2025-10-27,4363.664285714285,7,30545.649999999998,High Value
CUST0723,5,18,30528.1,3829.47,2025-12-26,6105.62,5,30528.1,High Value
CUST1079,4,18,30508.0,4144.58,2025-10-15,7627.0,4,30508.0,High Spending Occasional
CUST0168,6,24,30488.4,5218.62,2025-12-30,5081.400000000001,6,30488.4,High Value
CUST0958,5,16,30470.5,5945.05,2025-09-16,6094.1,5,30470.5,High Value
CUST0488,10,23,30468.35,6133.22,2025-12-30,3046.835,10,30468.35,High Value
CUST0336,9,22,30395.4,5567.13,2025-09-02,3377.266666666667,9,30395.4,High Value
CUST0645,7,18,30394.05,4978.41,2025-12-29,4342.007142857143,7,30394.05,High Value
CUST0281,6,17,30334.45,6781.9,2025-11-28,5055.741666666667,6,30334.45,High Value
CUST0360,3,11,30289.949999999997,7005.799999999999,2025-03-20,10096.65,3,30289.949999999997,High Spending Occasional
CUST1172,6,18,30243.95,6152.43,2025-12-01,5040.658333333334,6,30243.95,High Value
CUST1083,5,16,30195.1,6833.5599999999995,2025-11-05,6039.0199999999995,5,30195.1,High Value
CUST1300,7,18,30192.45,6587.39,2025-12-04,4313.207142857143,7,30192.45,High Value
CUST1162,7,23,30133.550000000003,6313.26,2025-10-13,4304.792857142857,7,30133.550000000003,High Value
CUST1143,5,14,30086.699999999997,6534.49,2025-11-21,6017.339999999999,5,30086.699999999997,High Value
CUST1036,7,22,30055.5,7149.74,2025-12-10,4293.642857142857,7,30055.5,High Value
CUST0891,4,15,30045.95,7540.849999999999,2025-11-13,7511.4875,4,30045.95,High Spending Occasional
CUST1410,7,19,30037.0,5352.39,2025-12-23,4291.0,7,30037.0,High Value
CUST0028,5,13,30018.5,6375.28,2025-10-28,6003.7,5,30018.5,High Value
CUST1221,7,19,29997.05,5102.9,2025-12-12,4285.292857142857,7,29997.05,High Value
CUST0403,7,21,29996.8,6440.04,2025-12-23,4285.257142857143,7,29996.8,High Value
CUST0284,4,14,29987.5,5584.65,2025-10-04,7496.875,4,29987.5,High Spending Occasional
CUST1474,10,22,29919.25,5264.21,2025-12-09,2991.925,10,29919.25,High Value
CUST1215,8,18,29903.350000000002,6104.17,2025-12-05,3737.9187500000003,8,29903.350000000002,High Value
CUST0145,4,12,29898.95,3776.17,2025-09-29,7474.7375,4,29898.95,High Spending Occasional
CUST1435,7,18,29868.45,5789.09,2025-11-24,4266.921428571429,7,29868.45,High Value
CUST0606,6,20,29864.9,5606.6,2025-07-22,4977.483333333334,6,29864.9,High Value
CUST0898,5,16,29845.5,5337.41,2025-12-05,5969.1,5,29845.5,High Value
CUST1223,6,20,29792.949999999997,5660.389999999999,2025-11-04,4965.491666666666,6,29792.949999999997,High Value
CUST0091,6,18,29767.55,7119.79,2025-12-31,4961.258333333333,6,29767.55,High Value
CUST1184,5,17,29745.05,4132.1,2025-09-14,5949.01,5,29745.05,High Value
CUST1131,8,25,29742.35,6070.83,2025-11-13,3717.79375,8,29742.35,High Value
CUST0946,5,12,29723.850000000002,5759.87,2025-11-18,5944.77,5,29723.850000000002,High Value
CUST0277,7,17,29719.25,5267.97,2025-11-26,4245.607142857143,7,29719.25,High Value
CUST1292,6,22,29715.05,6529.25,2025-12-22,4952.508333333333,6,29715.05,High Value
CUST0912,6,17,29704.8,7270.0,2025-12-12,4950.8,6,29704.8,High Value
CUST0317,8,20,29696.35,4225.41,2025-10-07,3712.04375,8,29696.35,High Value
CUST0810,9,24,29657.9,5460.18,2025-12-04,3295.3222222222225,9,29657.9,High Value
CUST0711,7,15,29611.35,5782.9400000000005,2025-12-08,4230.192857142857,7,29611.35,High Value
CUST0994,5,17,29496.800000000003,8073.73,2025-10-04,5899.360000000001,5,29496.800000000003,High Value
CUST1286,4,17,29434.800000000003,6866.96,2025-08-07,7358.700000000001,4,29434.800000000003,High Spending Occasional
CUST1020,5,16,29427.85,6062.07,2025-08-26,5885.57,5,29427.85,High Value
CUST0407,5,16,29395.7,4615.17,2025-06-10,5879.14,5,29395.7,High Value
CUST1102,7,20,29391.5,5757.22,2025-11-04,4198.785714285715,7,29391.5,High Value
CUST0029,5,20,29332.050000000003,5233.9400000000005,2025-12-22,5866.410000000001,5,29332.050000000003,High Value
CUST0890,5,18,29304.2,5924.41,2025-09-04,5860.84,5,29304.2,High Value
CUST1194,6,18,29277.15,5344.4,2025-09-26,4879.525000000001,6,29277.15,High Value
CUST1339,4,13,29243.300000000003,4163.6,2025-12-28,7310.825000000001,4,29243.300000000003,High Spending Occasional
CUST1177,6,19,29211.95,6250.82,2025-10-19,4868.658333333334,6,29211.95,High Value
CUST0797,5,13,29197.75,4974.45,2025-09-23,5839.55,5,29197.75,High Value
CUST0720,3,8,29122.35,4589.66,2025-12-27,9707.449999999999,3,29122.35,High Spending Occasional
CUST0057,4,13,29113.1,6298.78,2025-11-20,7278.275,4,29113.1,High Spending Occasional
CUST0359,4,13,29075.250000000004,7237.289999999999,2025-12-18,7268.812500000001,4,29075.250000000004,High Spending Occasional
CUST0381,3,11,29020.0,4897.0,2025-08-27,9673.333333333334,3,29020.0,High Spending Occasional
CUST0769,5,15,29001.4,5375.3,2025-11-10,5800.280000000001,5,29001.4,High Value
CUST0292,3,12,28963.6,5098.85,2025-12-29,9654.533333333333,3,28963.6,High Spending Occasional
CUST1033,5,17,28944.300000000003,7784.44,2025-12-14,5788.860000000001,5,28944.300000000003,High Value
CUST0547,5,13,28937.3,4509.66,2025-12-07,5787.46,5,28937.3,High Value
CUST0238,5,11,28880.15,4662.89,2025-11-01,5776.030000000001,5,28880.15,High Value
CUST1396,8,22,28880.05,5283.87,2025-11-05,3610.00625,8,28880.05,High Value
CUST0668,5,14,28842.449999999997,4739.86,2025-12-26,5768.49,5,28842.449999999997,High Value
CUST0350,7,16,28840.35,4723.45,2025-10-13,4120.05,7,28840.35,High Value
CUST1005,5,16,28785.6,5904.4,2025-05-27,5757.12,5,28785.6,High Value
CUST0905,7,22,28784.5,6038.24,2025-12-12,4112.071428571428,7,28784.5,High Value
CUST0577,8,20,28777.4,4638.73,2025-12-29,3597.175,8,28777.4,High Value
CUST1049,4,13,28757.95,7371.69,2025-12-17,7189.4875,4,28757.95,High Spending Occasional
CUST0416,3,11,28719.9,5925.070000000001,2025-10-16,9573.300000000001,3,28719.9,High Spending Occasional
CUST0010,6,16,28715.65,6348.0599999999995,2025-08-27,4785.941666666667,6,28715.65,High Value
CUST1150,2,8,28593.199999999997,5872.860000000001,2025-06-08,14296.599999999999,2,28593.199999999997,High Spending Occasional
CUST0659,6,15,28521.75,5157.650000000001,2025-07-22,4753.625,6,28521.75,High Value
CUST1268,7,18,28499.65,5923.570000000001,2025-11-12,4071.378571428572,7,28499.65,High Value
CUST0880,6,22,28474.25,5836.3,2025-12-03,4745.708333333333,6,28474.25,High Value
CUST1042,5,15,28431.6,5962.65,2025-10-04,5686.32,5,28431.6,High Value
CUST1467,7,24,28398.35,5851.349999999999,2025-11-03,4056.907142857143,7,28398.35,High Value
CUST0657,9,23,28394.55,5532.73,2025-12-29,3154.95,9,28394.55,High Value
CUST1039,6,22,28391.65,6889.47,2025-12-22,4731.941666666667,6,28391.65,High Value
CUST0634,7,18,28387.95,6683.72,2025-12-24,4055.421428571429,7,28387.95,High Value
CUST0911,7,20,28377.55,5517.31,2025-12-17,4053.9357142857143,7,28377.55,High Value
CUST1072,2,9,28341.9,5463.57,2025-06-18,14170.95,2,28341.9,High Spending Occasional
CUST0085,8,18,28303.149999999998,5664.549999999999,2025-12-09,3537.8937499999997,8,28303.149999999998,High Value
CUST0709,6,20,28264.600000000002,5328.26,2025-12-01,4710.766666666667,6,28264.600000000002,High Value
CUST0779,6,20,28247.3,5393.67,2025-11-26,4707.883333333333,6,28247.3,High Value
CUST1016,4,12,28239.3,5139.29,2025-12-26,7059.825,4,28239.3,High Spending Occasional
CUST0784,6,17,28208.6,5086.51,2025-12-27,4701.433333333333,6,28208.6,High Value
CUST1428,5,15,28200.9,4354.95,2025-12-22,5640.18,5,28200.9,High Value
CUST0654,7,25,28167.4,5203.68,2025-10-08,4023.914285714286,7,28167.4,High Value
CUST0311,3,11,28110.1,6169.8,2025-11-13,9370.033333333333,3,28110.1,High Spending Occasional
CUST0201,10,24,28092.8,6711.34,2025-12-08,2809.2799999999997,10,28092.8,High Value
CUST0788,6,18,28082.85,5253.030000000001,2025-12-21,4680.474999999999,6,28082.85,High Value
CUST0566,7,16,28045.0,3739.23,2025-11-22,4006.4285714285716,7,28045.0,High Value
CUST0490,7,22,27994.65,4781.0199999999995,2025-08-17,3999.2357142857145,7,27994.65,High Value
CUST1047,5,19,27921.9,5030.82,2025-10-27,5584.38,5,27921.9,High Value
CUST1233,6,16,27894.3,5902.76,2025-10-28,4649.05,6,27894.3,High Value
CUST1374,5,12,27883.9,4744.6900000000005,2025-11-17,5576.780000000001,5,27883.9,High Value
CUST1487,6,14,27861.8,3741.1600000000003,2025-12-03,4643.633333333333,6,27861.8,High Value
CUST0500,9,20,27856.8,4976.51,2025-09-26,3095.2,9,27856.8,High Value
CUST0633,5,15,27856.75,4239.28,2025-10-23,5571.35,5,27856.75,High Value
CUST1178,8,27,27845.0,6145.3099999999995,2025-12-04,3480.625,8,27845.0,High Value
CUST0682,5,20,27837.45,5316.59,2025-12-09,5567.49,5,27837.45,High Value
CUST1309,8,30,27812.85,5434.43,2025-11-19,3476.60625,8,27812.85,High Value
CUST1014,8,21,27755.100000000002,5917.12,2025-11-21,3469.3875000000003,8,27755.100000000002,High Value
CUST0739,5,15,27746.4,6186.91,2025-10-18,5549.280000000001,5,27746.4,High Value
CUST0881,4,13,27737.4,5379.0599999999995,2025-07-31,6934.35,4,27737.4,High Spending Occasional
CUST1377,6,13,27637.699999999997,6176.120000000001,2025-11-29,4606.283333333333,6,27637.699999999997,High Value
CUST0675,5,11,27635.0,5199.89,2025-11-23,5527.0,5,27635.0,High Value
CUST0807,6,17,27616.8,3560.05,2025-12-29,4602.8,6,27616.8,High Value
CUST0025,7,21,27590.35,4788.719999999999,2025-09-28,3941.4785714285713,7,27590.35,High Value
CUST0102,5,18,27589.25,4953.41,2025-11-17,5517.85,5,27589.25,High Value
CUST0107,7,19,27588.15,4025.0699999999997,2025-12-08,3941.164285714286,7,27588.15,High Value
CUST1260,6,18,27567.9,4497.35,2025-11-19,4594.650000000001,6,27567.9,High Value
CUST1290,6,14,27556.45,4939.58,2025-10-06,4592.741666666667,6,27556.45,High Value
CUST1368,4,16,27515.4,6967.95,2025-11-23,6878.85,4,27515.4,High Spending Occasional
CUST0661,6,19,27493.4,6405.39,2025-12-09,4582.233333333334,6,27493.4,High Value
CUST1031,6,14,27492.5,5010.36,2025-11-15,4582.083333333333,6,27492.5,High Value
CUST0167,7,20,27477.05,5088.0,2025-12-15,3925.292857142857,7,27477.05,High Value
CUST1327,6,16,27300.899999999998,4141.08,2025-10-22,4550.15,6,27300.899999999998,High Value
CUST0691,3,13,27283.35,4439.1900000000005,2025-11-27,9094.449999999999,3,27283.35,High Spending Occasional
CUST1168,4,18,27272.7,5019.469999999999,2025-10-23,6818.175,4,27272.7,High Spending Occasional
CUST1299,6,17,27269.749999999996,6193.45,2025-09-25,4544.958333333333,6,27269.749999999996,High Value
CUST0545,6,19,27262.25,4805.24,2025-11-04,4543.708333333333,6,27262.25,High Value
CUST1028,7,10,27240.8,6007.75,2025-08-31,3891.542857142857,7,27240.8,High Value
CUST0137,6,15,27238.95,3846.29,2025-11-27,4539.825,6,27238.95,High Value
CUST0190,5,10,27235.45,4789.57,2025-12-21,5447.09,5,27235.45,High Value
CUST0683,7,15,27191.25,5136.39,2025-12-23,3884.464285714286,7,27191.25,High Value
CUST0919,7,25,27187.45,6659.39,2025-08-04,3883.921428571429,7,27187.45,High Value
CUST0385,4,14,27147.5,4639.08,2025-12-15,6786.875,4,27147.5,High Spending Occasional
CUST1321,8,23,27108.55,4373.41,2025-11-08,3388.56875,8,27108.55,High Value
CUST0596,6,19,27080.85,3350.1699999999996,2025-12-17,4513.474999999999,6,27080.85,High Value
CUST0249,5,17,27059.4,4265.389999999999,2025-10-20,5411.88,5,27059.4,High Value
CUST1412,7,24,27024.05,5230.17,2025-10-20,3860.578571428571,7,27024.05,High Value
CUST0960,7,21,26990.95,3166.0299999999997,2025-10-31,3855.85,7,26990.95,High Value
CUST1280,4,11,26960.4,4760.35,2025-09-24,6740.1,4,26960.4,High Spending Occasional
CUST0214,4,12,26943.55,3568.76,2025-10-20,6735.8875,4,26943.55,High Spending Occasional
CUST0615,4,14,26941.95,6554.11,2025-10-05,6735.4875,4,26941.95,High Spending Occasional
CUST1420,5,16,26905.7,7118.24,2025-12-16,5381.14,5,26905.7,High Value
CUST1436,4,16,26899.55,5236.21,2025-08-13,6724.8875,4,26899.55,High Spending Occasional
CUST1291,7,19,26883.1,5631.49,2025-10-06,3840.442857142857,7,26883.1,High Value
CUST1388,4,14,26877.1,4761.39,2025-06-14,6719.275,4,26877.1,High Spending Occasional
CUST1132,8,19,26872.85,4451.43,2025-11-13,3359.10625,8,26872.85,High Value
CUST0142,5,18,26857.95,3844.06,2025-12-07,5371.59,5,26857.95,High Value
CUST1089,9,25,26827.65,5736.139999999999,2025-12-05,2980.8500000000004,9,26827.65,High Value
CUST0208,5,20,26827.55,4959.75,2025-08-31,5365.51,5,26827.55,High Value
CUST0646,4,13,26778.25,4553.360000000001,2025-09-23,6694.5625,4,26778.25,High Spending Occasional
CUST0728,4,15,26766.4,5359.009999999999,2025-05-19,6691.6,4,26766.4,High Spending Occasional
CUST0175,9,27,26710.3,5124.43,2025-12-15,2967.811111111111,9,26710.3,High Value
CUST1117,8,22,26705.1,5096.42,2025-12-20,3338.1375,8,26705.1,High Value
CUST1488,2,9,26616.25,5493.43,2025-11-24,13308.125,2,26616.25,High Spending Occasional
CUST0454,7,21,26601.15,5719.120000000001,2025-12-03,3800.164285714286,7,26601.15,High Value
CUST0126,4,12,26589.699999999997,5494.01,2025-08-02,6647.424999999999,4,26589.699999999997,High Spending Occasional
CUST0734,9,15,26546.300000000003,4827.17,2025-12-31,2949.5888888888894,9,26546.300000000003,High Value
CUST0569,6,18,26543.05,5237.7699999999995,2025-12-09,4423.841666666666,6,26543.05,High Value
CUST0237,4,13,26518.35,4809.110000000001,2025-11-27,6629.5875,4,26518.35,High Spending Occasional
CUST1332,6,25,26504.05,4473.91,2025-07-01,4417.341666666666,6,26504.05,High Value
CUST0754,4,10,26465.65,4688.61,2025-12-19,6616.4125,4,26465.65,High Spending Occasional
CUST0972,4,13,26448.05,4147.71,2025-11-24,6612.0125,4,26448.05,High Spending Occasional
CUST0549,6,17,26439.5,4706.39,2025-12-20,4406.583333333333,6,26439.5,High Value
CUST0677,7,16,26377.9,6447.05,2025-12-21,3768.2714285714287,7,26377.9,High Value
CUST0352,6,14,26371.9,4076.37,2025-11-29,4395.316666666667,6,26371.9,High Value
CUST1212,5,20,26312.1,4275.96,2025-12-07,5262.42,5,26312.1,High Value
CUST0771,7,20,26301.65,4244.02,2025-12-17,3757.378571428572,7,26301.65,High Value
CUST1476,7,23,26293.9,6832.06,2025-11-07,3756.2714285714287,7,26293.9,High Value
CUST0053,5,13,26273.25,3728.26,2025-11-14,5254.65,5,26273.25,High Value
CUST0515,7,17,26234.699999999997,3896.75,2025-11-26,3747.8142857142852,7,26234.699999999997,High Value
CUST0877,6,17,26104.8,4781.78,2025-12-31,4350.8,6,26104.8,High Value
CUST0423,5,13,26077.25,3616.62,2025-12-18,5215.45,5,26077.25,High Value
CUST0440,5,14,26056.95,4394.8099999999995,2025-05-12,5211.39,5,26056.95,High Value
CUST0040,4,12,26033.95,5400.64,2025-09-17,6508.4875,4,26033.95,High Spending Occasional
CUST0716,9,24,26012.6,3887.25,2025-12-30,2890.288888888889,9,26012.6,High Value
CUST0431,5,14,25977.35,4188.29,2025-11-16,5195.469999999999,5,25977.35,High Value
CUST1307,6,21,25974.85,6034.71,2025-08-28,4329.141666666666,6,25974.85,High Value
CUST0602,3,8,25967.9,5489.24,2025-08-22,8655.966666666667,3,25967.9,High Spending Occasional
CUST1204,7,16,25910.25,4579.46,2025-10-16,3701.464285714286,7,25910.25,High Value
CUST0726,6,22,25890.2,3755.24,2025-11-12,4315.033333333334,6,25890.2,High Value
CUST0748,5,14,25777.15,5192.93,2025-12-04,5155.43,5,25777.15,High Value
CUST0591,4,10,25768.050000000003,3404.27,2025-12-07,6442.012500000001,4,25768.050000000003,High Spending Occasional
CUST0087,5,22,25730.35,3904.21,2025-05-01,5146.07,5,25730.35,High Value
CUST0455,4,14,25687.2,5807.32,2025-10-18,6421.8,4,25687.2,High Spending Occasional
CUST0762,8,26,25646.05,4760.8,2025-10-21,3205.75625,8,25646.05,High Value
CUST0494,6,16,25638.0,3592.67,2025-07-12,4273.0,6,25638.0,High Value
CUST0548,5,14,25616.9,4974.25,2025-12-17,5123.38,5,25616.9,High Value
CUST0901,4,10,25591.4,3720.98,2025-07-05,6397.85,4,25591.4,High Spending Occasional
CUST1027,4,17,25544.7,4436.639999999999,2025-08-28,6386.175,4,25544.7,High Spending Occasional
CUST0044,6,19,25512.1,5421.47,2025-12-26,4252.016666666666,6,25512.1,High Value
CUST0047,4,16,25471.0,4466.01,2025-10-10,6367.75,4,25471.0,High Spending Occasional
CUST0679,5,15,25465.4,6885.27,2025-12-03,5093.08,5,25465.4,High Value
CUST1324,6,17,25454.800000000003,5868.200000000001,2025-12-31,4242.466666666667,6,25454.800000000003,High Value
CUST1183,7,25,25446.9,5024.12,2025-11-20,3635.2714285714287,7,25446.9,High Value
CUST0840,4,8,25437.55,4285.02,2025-12-09,6359.3875,4,25437.55,High Spending Occasional
CUST1417,6,17,25374.15,5973.3,2025-12-17,4229.025000000001,6,25374.15,High Value
CUST0388,3,11,25370.1,3323.17,2025-12-20,8456.699999999999,3,25370.1,High Spending Occasional
CUST1051,8,22,25365.25,3970.12,2025-10-24,3170.65625,8,25365.25,High Value
CUST0718,3,10,25291.35,3794.37,2025-04-26,8430.449999999999,3,25291.35,High Spending Occasional
CUST0882,7,21,25271.149999999998,4862.42,2025-07-13,3610.1642857142856,7,25271.149999999998,High Value
CUST0803,7,16,25205.85,4529.71,2025-12-04,3600.835714285714,7,25205.85,High Value
CUST0267,7,15,25198.8,4248.38,2025-09-28,3599.828571428571,7,25198.8,High Value
CUST1253,3,10,25141.05,6954.0599999999995,2025-11-29,8380.35,3,25141.05,High Spending Occasional
CUST0129,5,20,25137.45,4307.5,2025-11-14,5027.49,5,25137.45,High Value
CUST1451,6,20,25131.9,5718.1,2025-12-31,4188.650000000001,6,25131.9,High Value
CUST0847,8,20,25096.05,5539.4,2025-11-12,3137.00625,8,25096.05,High Value
CUST0915,7,21,25045.199999999997,4146.64,2025-12-31,3577.8857142857137,7,25045.199999999997,High Value
CUST0169,5,19,25042.3,4839.65,2025-10-24,5008.46,5,25042.3,High Value
CUST0070,5,14,25017.25,3897.75,2025-12-04,5003.45,5,25017.25,High Value
CUST1433,10,26,25001.5,4598.77,2025-12-16,2500.15,10,25001.5,High Value
CUST1317,5,15,24956.399999999998,6202.179999999999,2025-12-30,4991.28,5,24956.399999999998,High Value
CUST1319,4,14,24937.5,6637.34,2025-12-20,6234.375,4,24937.5,High Spending Occasional
CUST1475,7,20,24926.25,3096.54,2025-10-22,3560.8928571428573,7,24926.25,High Value
CUST0744,7,19,24917.25,4187.09,2025-12-15,3559.6071428571427,7,24917.25,High Value
CUST1228,10,23,24904.9,4768.22,2025-12-30,2490.4900000000002,10,24904.9,High Value
CUST0305,7,23,24899.2,5402.57,2025-11-09,3557.0285714285715,7,24899.2,High Value
CUST0697,6,21,24875.3,4200.53,2025-08-04,4145.883333333333,6,24875.3,High Value
CUST0491,5,12,24844.5,3825.35,2025-09-04,4968.9,5,24844.5,High Value
CUST0690,5,12,24843.699999999997,6212.61,2025-11-16,4968.74,5,24843.699999999997,High Value
CUST0557,5,13,24803.25,4461.7,2025-07-05,4960.65,5,24803.25,High Value
CUST0391,4,14,24802.55,3614.26,2025-11-17,6200.6375,4,24802.55,High Spending Occasional
CUST1050,6,21,24800.5,5359.95,2025-10-03,4133.416666666667,6,24800.5,High Value
CUST0937,6,20,24796.75,4665.41,2025-12-28,4132.791666666667,6,24796.75,High Value
CUST0752,5,17,24723.65,5033.81,2025-12-24,4944.7300000000005,5,24723.65,High Value
CUST0125,5,13,24713.4,4377.98,2025-11-23,4942.68,5,24713.4,High Value
CUST0365,5,14,24712.85,2814.1,2025-11-23,4942.57,5,24712.85,High Value
CUST1336,7,16,24645.35,5358.27,2025-12-31,3520.7642857142855,7,24645.35,High Value
CUST0420,6,17,24624.1,3493.2799999999997,2025-11-28,4104.016666666666,6,24624.1,High Value
CUST1440,9,24,24599.55,3724.07,2025-12-24,2733.2833333333333,9,24599.55,High Value
CUST1330,7,24,24560.1,4491.54,2025-11-11,3508.585714285714,7,24560.1,High Value
CUST0081,8,15,24521.3,4959.719999999999,2025-12-09,3065.1625,8,24521.3,High Value
CUST0568,7,18,24487.7,5485.63,2025-12-23,3498.2428571428572,7,24487.7,High Value
CUST1490,8,23,24483.300000000003,4582.74,2025-12-28,3060.4125000000004,8,24483.300000000003,High Value
CUST1308,4,11,24470.15,3314.4,2025-12-05,6117.5375,4,24470.15,High Spending Occasional
CUST1207,3,12,24373.949999999997,5059.02,2025-12-18,8124.649999999999,3,24373.949999999997,High Spending Occasional
CUST0830,6,17,24330.05,6061.8099999999995,2025-08-09,4055.008333333333,6,24330.05,High Value
CUST1269,3,11,24314.15,4085.58,2025-10-15,8104.716666666667,3,24314.15,High Spending Occasional
CUST0698,6,17,24275.35,5316.62,2025-11-28,4045.8916666666664,6,24275.35,High Value
CUST0112,4,11,24260.25,4269.06,2025-10-19,6065.0625,4,24260.25,High Spending Occasional
CUST0614,8,27,24213.95,5237.92,2025-11-22,3026.74375,8,24213.95,High Value
CUST0160,3,7,24203.05,3080.71,2025-09-18,8067.683333333333,3,24203.05,High Spending Occasional
CUST0009,5,16,24185.6,4769.12,2025-12-22,4837.12,5,24185.6,High Value
CUST0452,6,13,24182.75,3588.4100000000003,2025-10-22,4030.4583333333335,6,24182.75,High Value
CUST0956,3,7,24178.649999999998,4718.86,2025-09-16,8059.549999999999,3,24178.649999999998,High Spending Occasional
CUST1310,5,13,24127.8,4615.4400000000005,2025-08-12,4825.5599999999995,5,24127.8,High Value
CUST0523,5,9,24116.35,5604.43,2025-11-30,4823.2699999999995,5,24116.35,High Value
CUST0023,6,16,24036.0,5762.3,2025-07-31,4006.0,6,24036.0,High Value
CUST1142,5,15,24001.45,4698.48,2025-11-10,4800.29,5,24001.45,Loyal Budget
CUST0824,6,17,24000.300000000003,4272.0599999999995,2025-12-27,4000.0500000000006,6,24000.300000000003,Loyal Budget
CUST1398,5,15,23966.699999999997,3848.9300000000003,2025-11-04,4793.339999999999,5,23966.699999999997,Loyal Budget
CUST1468,6,19,23912.9,5724.43,2025-12-26,3985.4833333333336,6,23912.9,Loyal Budget
CUST0719,7,19,23892.85,5050.77,2025-12-02,3413.2642857142855,7,23892.85,Loyal Budget
CUST0020,4,15,23836.8,3691.12,2025-10-27,5959.2,4,23836.8,Low Engagement
CUST1234,5,19,23762.7,3038.27,2025-11-25,4752.54,5,23762.7,Loyal Budget
CUST0672,3,9,23701.2,3079.98,2025-09-06,7900.400000000001,3,23701.2,Low Engagement
CUST1422,2,6,23694.449999999997,3951.81,2025-10-12,11847.224999999999,2,23694.449999999997,Low Engagement
CUST0409,7,14,23681.8,5499.52,2025-12-16,3383.1142857142854,7,23681.8,Loyal Budget
CUST1171,7,19,23661.899999999998,3610.57,2025-11-19,3380.2714285714283,7,23661.899999999998,Loyal Budget
CUST0442,8,23,23649.5,4145.43,2025-11-18,2956.1875,8,23649.5,Loyal Budget
CUST0077,6,18,23645.9,4350.83,2025-12-15,3940.9833333333336,6,23645.9,Loyal Budget
CUST1019,6,22,23549.4,4186.469999999999,2025-11-20,3924.9,6,23549.4,Loyal Budget
CUST0765,4,14,23526.75,3069.51,2025-12-13,5881.6875,4,23526.75,Low Engagement
CUST0056,5,19,23501.800000000003,3473.81,2025-10-06,4700.360000000001,5,23501.800000000003,Loyal Budget
CUST1437,6,17,23475.2,4421.62,2025-10-01,3912.5333333333333,6,23475.2,Loyal Budget
CUST0448,5,14,23367.15,5130.89,2025-12-30,4673.43,5,23367.15,Loyal Budget
CUST0031,8,15,23360.95,4369.0,2025-10-26,2920.11875,8,23360.95,Loyal Budget
CUST0793,8,23,23334.35,3532.28,2025-12-27,2916.79375,8,23334.35,Loyal Budget
CUST0962,7,20,23314.4,4986.42,2025-10-16,3330.628571428572,7,23314.4,Loyal Budget
CUST0177,6,19,23312.45,3844.1,2025-10-17,3885.4083333333333,6,23312.45,Loyal Budget
CUST0192,6,17,23299.949999999997,4731.93,2025-12-19,3883.3249999999994,6,23299.949999999997,Loyal Budget
CUST0703,5,12,23263.65,3936.4700000000003,2025-10-20,4652.7300000000005,5,23263.65,Loyal Budget
CUST1382,6,21,23261.2,4653.17,2025-12-23,3876.866666666667,6,23261.2,Loyal Budget
CUST0741,4,12,23223.85,5118.64,2025-12-21,5805.9625,4,23223.85,Low Engagement
CUST0005,6,19,23220.2,3432.51,2025-11-09,3870.0333333333333,6,23220.2,Loyal Budget
CUST1296,4,14,23217.5,3918.0499999999997,2025-10-28,5804.375,4,23217.5,Low Engagement
CUST0584,3,14,23212.0,5199.860000000001,2025-08-19,7737.333333333333,3,23212.0,Low Engagement
CUST0839,4,12,23189.6,5105.29,2025-08-11,5797.4,4,23189.6,Low Engagement
CUST0345,7,18,23160.35,4753.66,2025-10-15,3308.621428571428,7,23160.35,Loyal Budget
CUST0700,6,14,23136.95,4033.61,2025-10-08,3856.1583333333333,6,23136.95,Loyal Budget
CUST0226,6,18,23088.3,3666.83,2025-11-26,3848.0499999999997,6,23088.3,Loyal Budget
CUST0508,5,13,23058.2,4163.22,2025-09-27,4611.64,5,23058.2,Loyal Budget
CUST1090,5,13,22983.1,4123.72,2025-12-16,4596.62,5,22983.1,Loyal Budget
CUST0845,5,19,22982.4,2550.99,2025-12-15,4596.4800000000005,5,22982.4,Loyal Budget
CUST1408,6,12,22978.95,5620.9,2025-12-21,3829.8250000000003,6,22978.95,Loyal Budget
CUST1288,4,13,22963.35,5734.259999999999,2025-12-11,5740.8375,4,22963.35,Low Engagement
CUST0124,5,16,22949.5,3916.0,2025-09-05,4589.9,5,22949.5,Loyal Budget
CUST0964,3,12,22938.95,3480.41,2025-11-07,7646.316666666667,3,22938.95,Low Engagement
CUST1029,4,12,22918.95,5058.08,2025-04-30,5729.7375,4,22918.95,Low Engagement
CUST0704,5,10,22910.55,4839.34,2025-12-15,4582.11,5,22910.55,Loyal Budget
CUST1094,6,16,22840.199999999997,4799.21,2025-11-27,3806.6999999999994,6,22840.199999999997,Loyal Budget
CUST0136,8,22,22839.3,5013.1,2025-10-14,2854.9125,8,22839.3,Loyal Budget
CUST1407,3,10,22825.449999999997,5791.08,2025-08-02,7608.483333333333,3,22825.449999999997,Low Engagement
CUST0526,5,18,22804.7,3840.08,2025-12-14,4560.9400000000005,5,22804.7,Loyal Budget
CUST0609,6,16,22779.85,3777.9900000000002,2025-12-18,3796.6416666666664,6,22779.85,Loyal Budget
CUST0280,4,14,22778.65,4997.53,2025-11-26,5694.6625,4,22778.65,Low Engagement
CUST0215,4,16,22760.85,4412.86,2025-09-12,5690.2125,4,22760.85,Low Engagement
CUST1040,5,14,22752.25,3827.91,2025-09-19,4550.45,5,22752.25,Loyal Budget
CUST0096,5,20,22731.85,4934.25,2025-11-12,4546.37,5,22731.85,Loyal Budget
CUST0998,4,9,22571.65,4743.76,2025-12-14,5642.9125,4,22571.65,Low Engagement
CUST1062,5,13,22498.2,4888.21,2025-11-02,4499.64,5,22498.2,Loyal Budget
CUST0127,5,13,22498.05,2642.39,2025-12-14,4499.61,5,22498.05,Loyal Budget
CUST0255,2,8,22492.8,5812.62,2025-12-21,11246.4,2,22492.8,Low Engagement
CUST0465,4,12,22488.9,3537.39,2025-10-05,5622.225,4,22488.9,Low Engagement
CUST0532,5,13,22483.649999999998,4948.25,2025-12-31,4496.73,5,22483.649999999998,Loyal Budget
CUST0286,4,12,22338.1,5714.969999999999,2025-11-29,5584.525,4,22338.1,Low Engagement
CUST0620,5,15,22330.55,4127.639999999999,2025-12-18,4466.11,5,22330.55,Loyal Budget
CUST0106,4,18,22313.5,3249.2,2025-10-15,5578.375,4,22313.5,Low Engagement
CUST0643,6,20,22257.05,3219.87,2025-10-14,3709.508333333333,6,22257.05,Loyal Budget
CUST0497,6,19,22252.5,3496.56,2025-11-02,3708.75,6,22252.5,Loyal Budget
CUST0695,7,14,22251.55,4708.91,2025-11-27,3178.792857142857,7,22251.55,Loyal Budget
CUST1128,4,18,22233.25,3778.81,2025-10-30,5558.3125,4,22233.25,Low Engagement
CUST0852,6,16,22214.899999999998,3833.71,2025-11-06,3702.483333333333,6,22214.899999999998,Loyal Budget
CUST0572,8,20,22201.1,4967.04,2025-09-05,2775.1375,8,22201.1,Loyal Budget
CUST0099,8,23,22199.2,4490.42,2025-11-03,2774.9,8,22199.2,Loyal Budget
CUST0186,4,9,22181.8,3585.5099999999998,2025-11-25,5545.45,4,22181.8,Low Engagement
CUST0706,5,13,22168.4,4566.97,2025-10-07,4433.68,5,22168.4,Loyal Budget
CUST0094,5,12,22129.0,5580.01,2025-10-16,4425.8,5,22129.0,Loyal Budget
CUST1301,6,19,22126.65,3924.48,2025-10-05,3687.775,6,22126.65,Loyal Budget
CUST1063,2,8,22117.95,6326.71,2025-08-06,11058.975,2,22117.95,Low Engagement
CUST1491,6,13,22093.2,3657.54,2025-08-31,3682.2000000000003,6,22093.2,Loyal Budget
CUST0038,4,10,22020.9,3621.1899999999996,2025-10-25,5505.225,4,22020.9,Low Engagement
CUST1210,2,9,21992.1,3345.65,2025-12-16,10996.05,2,21992.1,Low Engagement
CUST0101,5,12,21988.6,4377.17,2025-08-14,4397.719999999999,5,21988.6,Loyal Budget
CUST1041,5,17,21984.9,5545.66,2025-12-10,4396.9800000000005,5,21984.9,Loyal Budget
CUST0947,5,15,21960.95,4382.57,2025-11-22,4392.1900000000005,5,21960.95,Loyal Budget
CUST0650,4,15,21921.55,4509.52,2025-12-14,5480.3875,4,21921.55,Low Engagement
CUST1335,4,12,21913.55,5772.610000000001,2025-12-22,5478.3875,4,21913.55,Low Engagement
CUST0121,5,17,21894.45,3652.23,2025-11-06,4378.89,5,21894.45,Loyal Budget
CUST0592,7,19,21803.3,5012.82,2025-09-21,3114.7571428571428,7,21803.3,Loyal Budget
CUST0917,7,26,21770.6,4322.36,2025-12-22,3110.085714285714,7,21770.6,Loyal Budget
CUST0632,6,14,21736.65,3881.71,2025-11-02,3622.775,6,21736.65,Loyal Budget
CUST1066,4,14,21726.95,3775.89,2025-12-19,5431.7375,4,21726.95,Low Engagement
CUST1071,6,17,21689.25,3406.1,2025-11-17,3614.875,6,21689.25,Loyal Budget
CUST0713,5,11,21679.85,3614.27,2025-10-27,4335.969999999999,5,21679.85,Loyal Budget
CUST0783,3,11,21669.6,3379.7400000000002,2025-07-22,7223.2,3,21669.6,Low Engagement
CUST0841,5,12,21644.0,3972.5699999999997,2025-11-10,4328.8,5,21644.0,Loyal Budget
CUST0468,5,14,21637.15,4712.15,2025-12-09,4327.43,5,21637.15,Loyal Budget
CUST0185,7,17,21599.7,3664.52,2025-10-18,3085.671428571429,7,21599.7,Loyal Budget
CUST0477,4,11,21597.35,4177.73,2025-12-14,5399.3375,4,21597.35,Low Engagement
CUST0302,7,21,21588.9,4202.72,2025-12-26,3084.128571428572,7,21588.9,Loyal Budget
CUST0768,5,17,21574.0,3641.6800000000003,2025-07-07,4314.8,5,21574.0,Loyal Budget
CUST0396,8,22,21564.899999999998,4292.92,2025-11-23,2695.6124999999997,8,21564.899999999998,Loyal Budget
CUST0319,6,17,21554.6,5094.18,2025-12-20,3592.433333333333,6,21554.6,Loyal Budget
CUST1086,4,12,21514.05,3752.7200000000003,2025-07-14,5378.5125,4,21514.05,Low Engagement
CUST0753,6,14,21511.95,4202.67,2025-09-03,3585.3250000000003,6,21511.95,Loyal Budget
CUST0119,3,11,21499.8,4251.79,2025-10-27,7166.599999999999,3,21499.8,Low Engagement
CUST1495,5,15,21496.5,4431.05,2025-09-27,4299.3,5,21496.5,Loyal Budget
CUST0065,5,15,21466.6,2883.01,2025-12-03,4293.32,5,21466.6,Loyal Budget
CUST0576,4,10,21463.1,3986.7799999999997,2025-11-12,5365.775,4,21463.1,Low Engagement
CUST0652,4,18,21443.15,4955.7,2025-12-02,5360.7875,4,21443.15,Low Engagement
CUST1258,5,13,21373.0,2618.33,2025-07-21,4274.6,5,21373.0,Loyal Budget
CUST1450,3,13,21362.85,5260.6,2025-12-21,7120.95,3,21362.85,Low Engagement
CUST0834,6,19,21296.95,3302.36,2025-08-18,3549.491666666667,6,21296.95,Loyal Budget
CUST0347,4,14,21286.9,3839.21,2025-08-28,5321.725,4,21286.9,Low Engagement
CUST0978,3,11,21269.55,2490.88,2025-06-26,7089.849999999999,3,21269.55,Low Engagement
CUST1073,6,13,21153.25,4914.16,2025-12-22,3525.5416666666665,6,21153.25,Loyal Budget
CUST0737,4,17,21140.3,3759.95,2025-12-17,5285.075,4,21140.3,Low Engagement
CUST0943,4,12,21083.75,4256.07,2025-12-22,5270.9375,4,21083.75,Low Engagement
CUST0954,4,14,21077.75,4269.52,2025-04-17,5269.4375,4,21077.75,Low Engagement
CUST0628,5,17,21071.95,4588.63,2025-05-17,4214.39,5,21071.95,Loyal Budget
CUST0806,6,18,21063.65,4300.0599999999995,2025-10-14,3510.6083333333336,6,21063.65,Loyal Budget
CUST1032,6,19,21027.35,4153.3,2025-12-11,3504.558333333333,6,21027.35,Loyal Budget
CUST0979,8,20,21007.3,4334.49,2025-10-16,2625.9125,8,21007.3,Loyal Budget
CUST0529,3,9,20976.6,2913.48,2025-11-14,6992.2,3,20976.6,Low Engagement
CUST1448,6,18,20968.85,4341.94,2025-12-08,3494.808333333333,6,20968.85,Loyal Budget
CUST1003,3,10,20930.7,3716.12,2025-12-02,6976.900000000001,3,20930.7,Low Engagement
CUST0503,5,14,20897.4,3424.76,2025-11-12,4179.4800000000005,5,20897.4,Loyal Budget
CUST0093,5,14,20867.2,3457.38,2025-11-25,4173.4400000000005,5,20867.2,Loyal Budget
CUST0811,3,11,20849.6,3954.74,2025-08-21,6949.866666666666,3,20849.6,Low Engagement
CUST0670,6,23,20838.95,4088.66,2025-12-31,3473.1583333333333,6,20838.95,Loyal Budget
CUST0802,6,16,20832.75,4870.76,2025-08-25,3472.125,6,20832.75,Loyal Budget
CUST0445,5,19,20826.550000000003,4906.67,2025-06-22,4165.31,5,20826.550000000003,Loyal Budget
CUST0163,5,13,20808.55,3344.91,2025-09-01,4161.71,5,20808.55,Loyal Budget
CUST0173,4,14,20787.0,3603.16,2025-10-07,5196.75,4,20787.0,Low Engagement
CUST1121,5,16,20785.6,4541.389999999999,2025-12-19,4157.12,5,20785.6,Loyal Budget
CUST0344,4,13,20693.05,4345.0599999999995,2025-10-11,5173.2625,4,20693.05,Low Engagement
CUST0736,5,17,20684.5,3189.88,2025-11-03,4136.9,5,20684.5,Loyal Budget
CUST0048,6,19,20643.25,2923.71,2025-11-25,3440.5416666666665,6,20643.25,Loyal Budget
CUST0307,3,8,20642.5,4886.95,2025-09-18,6880.833333333333,3,20642.5,Low Engagement
CUST0412,5,17,20619.8,3268.04,2025-12-21,4123.96,5,20619.8,Loyal Budget
CUST0088,4,13,20612.95,4923.82,2025-12-22,5153.2375,4,20612.95,Low Engagement
CUST0283,8,19,20589.55,4254.57,2025-12-21,2573.69375,8,20589.55,Loyal Budget
CUST0814,7,13,20583.1,4053.01,2025-11-10,2940.442857142857,7,20583.1,Loyal Budget
CUST1454,3,11,20540.15,2328.95,2025-10-27,6846.716666666667,3,20540.15,Low Engagement
CUST0562,4,15,20485.85,3436.25,2025-12-24,5121.4625,4,20485.85,Low Engagement
CUST0846,3,10,20470.25,3006.82,2025-10-09,6823.416666666667,3,20470.25,Low Engagement
CUST0833,5,14,20432.55,4831.73,2025-11-13,4086.5099999999998,5,20432.55,Loyal Budget
CUST0710,7,23,20416.05,3416.64,2025-10-11,2916.578571428571,7,20416.05,Loyal Budget
CUST1238,5,12,20379.149999999998,3710.4900000000002,2025-10-31,4075.8299999999995,5,20379.149999999998,Loyal Budget
CUST0554,7,13,20378.15,5035.43,2025-12-09,2911.164285714286,7,20378.15,Loyal Budget
CUST0763,6,13,20367.95,2706.2799999999997,2025-10-20,3394.6583333333333,6,20367.95,Loyal Budget
CUST0775,5,14,20366.6,3630.5699999999997,2025-12-08,4073.3199999999997,5,20366.6,Loyal Budget
CUST0749,3,9,20362.2,4082.1,2025-10-18,6787.400000000001,3,20362.2,Low Engagement
CUST1186,5,15,20351.05,4326.12,2025-12-29,4070.21,5,20351.05,Loyal Budget
CUST1344,5,11,20345.6,3418.45,2025-12-08,4069.12,5,20345.6,Loyal Budget
CUST0084,6,12,20339.25,3962.83,2025-11-04,3389.875,6,20339.25,Loyal Budget
CUST0938,4,10,20280.999999999996,3134.77,2025-05-08,5070.249999999999,4,20280.999999999996,Low Engagement
CUST0339,4,11,20275.05,2289.08,2025-12-05,5068.7625,4,20275.05,Low Engagement
CUST0355,5,13,20273.45,4535.47,2025-12-27,4054.69,5,20273.45,Loyal Budget
CUST0156,4,9,20226.75,2348.33,2025-11-28,5056.6875,4,20226.75,Low Engagement
CUST0132,4,14,20224.699999999997,3436.8,2025-12-26,5056.174999999999,4,20224.699999999997,Low Engagement
CUST0433,5,16,20218.5,4512.34,2025-12-22,4043.7,5,20218.5,Loyal Budget
CUST1302,4,13,20208.2,3208.2799999999997,2025-07-11,5052.05,4,20208.2,Low Engagement
CUST0510,6,11,20150.1,4006.3999999999996,2025-11-07,3358.35,6,20150.1,Loyal Budget
CUST0589,7,11,20140.5,3572.24,2025-11-08,2877.214285714286,7,20140.5,Loyal Budget
CUST0831,6,10,20086.449999999997,3334.26,2025-10-30,3347.7416666666663,6,20086.449999999997,Loyal Budget
CUST1230,3,10,20060.65,4463.2,2025-10-28,6686.883333333334,3,20060.65,Low Engagement
CUST1195,6,18,20038.65,4152.84,2025-12-14,3339.775,6,20038.65,Loyal Budget
CUST0920,2,9,19992.1,4599.47,2025-05-15,9996.05,2,19992.1,Low Engagement
CUST0024,2,8,19992.0,4009.59,2025-12-22,9996.0,2,19992.0,Low Engagement
CUST1048,6,17,19954.65,3253.07,2025-12-12,3325.775,6,19954.65,Loyal Budget
CUST1366,3,10,19926.3,3741.6600000000003,2025-12-31,6642.099999999999,3,19926.3,Low Engagement
CUST0889,5,10,19920.9,3049.79,2025-12-27,3984.1800000000003,5,19920.9,Loyal Budget
CUST1211,5,13,19883.4,2783.25,2025-12-06,3976.6800000000003,5,19883.4,Loyal Budget
CUST1373,5,16,19874.699999999997,3327.68,2025-11-08,3974.9399999999996,5,19874.699999999997,Loyal Budget
CUST0262,4,15,19872.1,4196.88,2025-10-27,4968.025,4,19872.1,Low Engagement
CUST0535,4,13,19868.7,3692.45,2025-12-25,4967.175,4,19868.7,Low Engagement
CUST0395,5,19,19850.15,4118.05,2025-10-13,3970.03,5,19850.15,Loyal Budget
CUST1125,6,15,19811.7,3279.33,2025-12-23,3301.9500000000003,6,19811.7,Loyal Budget
CUST1208,8,20,19797.65,4092.33,2025-10-30,2474.70625,8,19797.65,Loyal Budget
CUST0046,5,11,19780.6,4937.5,2025-06-25,3956.12,5,19780.6,Loyal Budget
CUST0282,4,9,19734.699999999997,2326.2799999999997,2025-12-17,4933.674999999999,4,19734.699999999997,Low Engagement
CUST0537,6,17,19709.65,3648.95,2025-12-19,3284.941666666667,6,19709.65,Loyal Budget
CUST0217,2,8,19642.5,2399.16,2025-06-30,9821.25,2,19642.5,Low Engagement
CUST0165,7,18,19638.8,2902.67,2025-10-27,2805.542857142857,7,19638.8,Loyal Budget
CUST0470,6,17,19629.35,3362.04,2025-11-23,3271.558333333333,6,19629.35,Loyal Budget
CUST0233,6,18,19564.0,4318.12,2025-08-30,3260.6666666666665,6,19564.0,Loyal Budget
CUST0049,3,10,19561.1,2834.25,2025-10-21,6520.366666666666,3,19561.1,Low Engagement
CUST0509,6,17,19545.65,4460.53,2025-12-31,3257.6083333333336,6,19545.65,Loyal Budget
CUST0745,4,11,19524.95,4563.17,2025-07-08,4881.2375,4,19524.95,Low Engagement
CUST0517,4,15,19495.95,3427.17,2025-08-15,4873.9875,4,19495.95,Low Engagement
CUST0619,4,10,19490.300000000003,2816.2799999999997,2025-11-03,4872.575000000001,4,19490.300000000003,Low Engagement
CUST0536,5,17,19364.35,3653.73,2025-11-06,3872.87,5,19364.35,Loyal Budget
CUST0308,3,14,19342.65,3385.9300000000003,2025-09-13,6447.55,3,19342.65,Low Engagement
CUST1085,7,13,19337.95,4070.16,2025-11-22,2762.5642857142857,7,19337.95,Loyal Budget
CUST0738,6,16,19335.8,3840.98,2025-10-28,3222.633333333333,6,19335.8,Loyal Budget
CUST1423,4,14,19322.45,3128.19,2025-09-03,4830.6125,4,19322.45,Low Engagement
CUST1082,5,14,19317.4,3053.1600000000003,2025-10-26,3863.4800000000005,5,19317.4,Loyal Budget
CUST1471,6,14,19317.2,4767.14,2025-12-01,3219.5333333333333,6,19317.2,Loyal Budget
CUST0321,3,9,19311.5,2710.0199999999995,2025-07-24,6437.166666666667,3,19311.5,Low Engagement
CUST0541,3,7,19263.1,4498.97,2025-09-25,6421.033333333333,3,19263.1,Low Engagement
CUST1261,4,9,19221.4,5052.15,2025-12-16,4805.35,4,19221.4,Low Engagement
CUST0688,7,28,19184.5,3254.96,2025-12-13,2740.6428571428573,7,19184.5,Loyal Budget
CUST1277,6,18,19152.75,4106.9,2025-11-05,3192.125,6,19152.75,Loyal Budget
CUST0835,7,18,19131.8,3443.01,2025-12-02,2733.1142857142854,7,19131.8,Loyal Budget
CUST0809,5,11,19109.699999999997,3013.4700000000003,2025-12-06,3821.9399999999996,5,19109.699999999997,Loyal Budget
CUST0813,6,12,19103.7,4265.48,2025-12-08,3183.9500000000003,6,19103.7,Loyal Budget
CUST0437,5,19,19077.75,4528.62,2025-12-27,3815.55,5,19077.75,Loyal Budget
CUST0194,5,10,19070.4,3635.2799999999997,2025-10-29,3814.0800000000004,5,19070.4,Loyal Budget
CUST1463,3,8,19067.75,2832.89,2025-12-01,6355.916666666667,3,19067.75,Low Engagement
CUST1191,4,12,19048.8,4359.009999999999,2025-11-14,4762.2,4,19048.8,Low Engagement
CUST0558,7,17,19035.8,3531.32,2025-12-18,2719.4,7,19035.8,Loyal Budget
CUST1205,5,16,19035.1,3606.9300000000003,2025-11-07,3807.0199999999995,5,19035.1,Loyal Budget
CUST0999,4,17,19033.45,4114.82,2025-10-18,4758.3625,4,19033.45,Low Engagement
CUST0399,5,10,19031.15,3409.3,2025-12-18,3806.2300000000005,5,19031.15,Loyal Budget
CUST0660,1,4,18996.2,4309.94,2025-12-08,18996.2,1,18996.2,Low Engagement
CUST0111,1,4,18996.2,5516.57,2025-05-27,18996.2,1,18996.2,Low Engagement
CUST0705,8,14,18962.25,3580.31,2025-10-03,2370.28125,8,18962.25,Loyal Budget
CUST1155,5,22,18941.75,3685.81,2025-11-09,3788.35,5,18941.75,Loyal Budget
CUST0179,3,11,18920.2,2733.21,2025-10-20,6306.733333333334,3,18920.2,Low Engagement
CUST0757,4,11,18910.3,2489.83,2025-09-13,4727.575,4,18910.3,Low Engagement
CUST0785,6,26,18905.4,2708.26,2025-10-21,3150.9,6,18905.4,Loyal Budget
CUST0273,5,12,18904.15,3324.92,2025-09-11,3780.8300000000004,5,18904.15,Loyal Budget
CUST0621,3,9,18881.45,2479.72,2025-10-03,6293.816666666667,3,18881.45,Low Engagement
CUST0269,5,15,18876.6,3132.2400000000002,2025-09-07,3775.3199999999997,5,18876.6,Loyal Budget
CUST1379,7,23,18851.55,3556.08,2025-12-24,2693.078571428571,7,18851.55,Loyal Budget
CUST0243,4,13,18849.05,3653.64,2025-09-23,4712.2625,4,18849.05,Low Engagement
CUST0333,3,13,18837.75,3485.4399999999996,2025-09-08,6279.25,3,18837.75,Low Engagement
CUST0109,5,20,18836.4,3542.98,2025-11-23,3767.28,5,18836.4,Loyal Budget
CUST0110,8,23,18819.2,3292.02,2025-09-21,2352.4,8,18819.2,Loyal Budget
CUST0934,6,18,18803.3,4896.72,2025-11-01,3133.883333333333,6,18803.3,Loyal Budget
CUST0320,8,19,18767.899999999998,3741.48,2025-09-22,2345.9874999999997,8,18767.899999999998,Loyal Budget
CUST0223,6,17,18684.05,4146.25,2025-10-13,3114.008333333333,6,18684.05,Loyal Budget
CUST1394,6,14,18652.1,2787.81,2025-12-31,3108.683333333333,6,18652.1,Loyal Budget
CUST0203,5,11,18649.65,3736.9300000000003,2025-11-11,3729.9300000000003,5,18649.65,Loyal Budget
CUST0766,6,19,18632.15,2934.41,2025-11-13,3105.3583333333336,6,18632.15,Loyal Budget
CUST0278,4,12,18628.55,4490.55,2025-07-12,4657.1375,4,18628.55,Low Engagement
CUST1108,5,12,18598.8,4952.55,2025-12-25,3719.7599999999998,5,18598.8,Loyal Budget
CUST1466,5,15,18516.25,2768.46,2025-10-25,3703.25,5,18516.25,Loyal Budget
CUST1397,6,11,18434.8,3779.19,2025-12-29,3072.4666666666667,6,18434.8,Loyal Budget
CUST0008,4,11,18419.85,4224.59,2025-11-15,4604.9625,4,18419.85,Low Engagement
CUST0982,4,11,18389.8,4021.92,2025-08-18,4597.45,4,18389.8,Low Engagement
CUST0667,2,8,18367.65,2769.59,2025-05-03,9183.825,2,18367.65,Low Engagement
CUST0263,3,10,18365.550000000003,3200.87,2025-10-30,6121.850000000001,3,18365.550000000003,Low Engagement
CUST1356,5,12,18319.100000000002,3378.23,2025-12-25,3663.8200000000006,5,18319.100000000002,Loyal Budget
CUST0464,4,15,18286.0,3169.16,2025-08-26,4571.5,4,18286.0,Low Engagement
CUST0196,2,9,18241.75,3723.3199999999997,2025-09-16,9120.875,2,18241.75,Low Engagement
CUST1294,8,20,18180.9,4163.36,2025-12-12,2272.6125,8,18180.9,Loyal Budget
CUST0373,5,17,18114.9,4920.76,2025-12-25,3622.9800000000005,5,18114.9,Loyal Budget
CUST0942,6,23,18108.3,3851.59,2025-10-06,3018.0499999999997,6,18108.3,Loyal Budget
CUST0505,5,14,18102.9,2857.5099999999998,2025-12-10,3620.5800000000004,5,18102.9,Loyal Budget
CUST0003,2,6,18044.300000000003,4055.79,2025-08-31,9022.150000000001,2,18044.300000000003,Low Engagement
CUST0538,9,12,17993.8,4119.67,2025-12-20,1999.3111111111111,9,17993.8,Loyal Budget
CUST0599,5,15,17976.45,2987.91,2025-10-13,3595.29,5,17976.45,Loyal Budget
CUST0224,6,14,17942.3,4255.07,2025-11-07,2990.383333333333,6,17942.3,Loyal Budget
CUST1482,3,7,17923.95,2012.9099999999999,2025-12-20,5974.650000000001,3,17923.95,Low Engagement
CUST1075,5,15,17916.45,3185.61,2025-08-09,3583.29,5,17916.45,Loyal Budget
CUST0511,7,15,17901.5,2775.2200000000003,2025-10-16,2557.3571428571427,7,17901.5,Loyal Budget
CUST0836,4,10,17881.05,3147.71,2025-12-25,4470.2625,4,17881.05,Low Engagement
CUST0581,5,12,17819.6,4609.889999999999,2025-12-12,3563.9199999999996,5,17819.6,Loyal Budget
CUST1017,5,9,17791.7,4309.66,2025-09-16,3558.34,5,17791.7,Loyal Budget
CUST1106,4,12,17768.85,3270.3999999999996,2025-12-20,4442.2125,4,17768.85,Low Engagement
CUST0030,5,11,17740.3,3000.92,2025-09-06,3548.06,5,17740.3,Loyal Budget
CUST0457,3,12,17713.7,2888.2,2025-11-03,5904.566666666667,3,17713.7,Low Engagement
CUST0117,5,11,17654.95,3401.8199999999997,2025-12-03,3530.9900000000002,5,17654.95,Loyal Budget
CUST1076,2,7,17643.45,1868.6,2025-12-25,8821.725,2,17643.45,Low Engagement
CUST0601,3,10,17630.6,4596.53,2025-09-30,5876.866666666666,3,17630.6,Low Engagement
CUST0563,6,19,17617.8,3724.65,2025-11-08,2936.2999999999997,6,17617.8,Loyal Budget
CUST1432,6,16,17604.8,2874.35,2025-09-21,2934.133333333333,6,17604.8,Loyal Budget
CUST0681,7,20,17586.3,2825.97,2025-09-27,2512.328571428571,7,17586.3,Loyal Budget
CUST0504,5,12,17554.350000000002,3076.86,2025-12-26,3510.8700000000003,5,17554.350000000002,Loyal Budget
CUST1446,4,7,17553.2,3871.14,2025-11-06,4388.3,4,17553.2,Low Engagement
CUST1147,3,11,17509.85,3295.7,2025-09-06,5836.616666666666,3,17509.85,Low Engagement
CUST0120,4,12,17509.0,3085.79,2025-07-07,4377.25,4,17509.0,Low Engagement
CUST0459,4,10,17485.85,2933.76,2025-11-16,4371.4625,4,17485.85,Low Engagement
CUST1126,5,16,17466.3,2858.29,2025-07-10,3493.2599999999998,5,17466.3,Loyal Budget
CUST0089,4,8,17452.699999999997,3844.29,2025-09-21,4363.174999999999,4,17452.699999999997,Low Engagement
CUST0234,4,12,17431.45,2120.03,2025-12-16,4357.8625,4,17431.45,Low Engagement
CUST1045,5,12,17394.0,3382.9700000000003,2025-11-14,3478.8,5,17394.0,Loyal Budget
CUST1316,6,15,17381.25,3356.0099999999998,2025-10-21,2896.875,6,17381.25,Loyal Budget
CUST0017,6,15,17356.15,3981.7799999999997,2025-10-10,2892.691666666667,6,17356.15,Loyal Budget
CUST0079,4,13,17348.9,2680.46,2025-09-18,4337.225,4,17348.9,Low Engagement
CUST0815,3,9,17317.05,2024.1100000000001,2025-07-21,5772.349999999999,3,17317.05,Low Engagement
CUST0410,6,15,17295.9,3452.55,2025-11-28,2882.65,6,17295.9,Loyal Budget
CUST0894,4,13,17278.3,2693.64,2025-06-11,4319.575,4,17278.3,Low Engagement
CUST0294,3,12,17178.7,2846.69,2025-08-19,5726.233333333334,3,17178.7,Low Engagement
CUST0871,6,10,17160.9,3119.95,2025-12-23,2860.15,6,17160.9,Loyal Budget
CUST1478,2,6,17159.35,3372.02,2025-12-21,8579.675,2,17159.35,Low Engagement
CUST0002,4,10,17121.050000000003,2718.3900000000003,2025-11-09,4280.262500000001,4,17121.050000000003,Low Engagement
CUST1500,4,10,17111.2,2885.43,2025-10-07,4277.8,4,17111.2,Low Engagement
CUST0950,4,13,17107.8,3411.13,2025-11-23,4276.95,4,17107.8,Low Engagement
CUST1492,5,10,17083.6,3171.8500000000004,2025-10-24,3416.72,5,17083.6,Loyal Budget
CUST0460,7,15,17065.85,3692.84,2025-09-13,2437.9785714285713,7,17065.85,Loyal Budget
CUST0209,3,11,17044.85,2527.18,2025-12-18,5681.616666666666,3,17044.85,Low Engagement
CUST1372,4,10,17040.1,3112.26,2025-12-31,4260.025,4,17040.1,Low Engagement
CUST0902,7,23,17036.15,3120.9,2025-12-24,2433.7357142857145,7,17036.15,Loyal Budget
CUST0750,5,13,17028.3,3635.03,2025-10-18,3405.66,5,17028.3,Loyal Budget
CUST0338,3,9,17016.45,3365.25,2025-12-14,5672.150000000001,3,17016.45,Low Engagement
CUST0798,2,7,16998.350000000002,3575.4900000000002,2025-11-23,8499.175000000001,2,16998.350000000002,Low Engagement
CUST1245,4,13,16993.35,2814.67,2025-12-25,4248.3375,4,16993.35,Low Engagement
CUST0574,3,8,16992.9,2207.77,2025-07-22,5664.3,3,16992.9,Low Engagement
CUST0883,3,14,16936.95,1973.58,2025-12-29,5645.650000000001,3,16936.95,Low Engagement
CUST1441,5,11,16934.850000000002,2486.1,2025-11-25,3386.9700000000003,5,16934.850000000002,Loyal Budget
CUST1263,5,13,16907.8,3521.53,2025-11-12,3381.56,5,16907.8,Loyal Budget
CUST0229,2,5,16845.55,3878.71,2025-10-18,8422.775,2,16845.55,Low Engagement
CUST1092,4,8,16832.4,3149.1800000000003,2025-06-18,4208.1,4,16832.4,Low Engagement
CUST0309,3,7,16803.65,3157.94,2025-12-27,5601.216666666667,3,16803.65,Low Engagement
CUST0240,5,19,16787.75,2877.0,2025-10-06,3357.55,5,16787.75,Loyal Budget
CUST1088,6,18,16773.8,2861.24,2025-12-26,2795.633333333333,6,16773.8,Loyal Budget
CUST0138,6,17,16769.55,3270.87,2025-12-26,2794.9249999999997,6,16769.55,Loyal Budget
CUST0245,3,9,16767.15,3757.94,2025-10-18,5589.05,3,16767.15,Low Engagement
CUST1218,4,13,16713.1,3445.37,2025-10-14,4178.275,4,16713.1,Low Engagement
CUST0995,6,14,16696.3,2723.92,2025-11-16,2782.7166666666667,6,16696.3,Loyal Budget
CUST1425,5,15,16691.2,3786.85,2025-12-21,3338.2400000000002,5,16691.2,Loyal Budget
CUST0363,1,5,16620.25,3747.81,2025-10-27,16620.25,1,16620.25,Low Engagement
CUST1362,3,13,16613.35,2422.9399999999996,2025-12-17,5537.783333333333,3,16613.35,Low Engagement
CUST0590,6,12,16553.95,3643.9,2025-10-27,2758.991666666667,6,16553.95,Loyal Budget
CUST0154,5,11,16519.9,3179.1,2025-11-04,3303.9800000000005,5,16519.9,Loyal Budget
CUST0374,5,17,16509.65,2425.37,2025-12-15,3301.9300000000003,5,16509.65,Loyal Budget
CUST0664,3,8,16502.75,4314.14,2025-09-18,5500.916666666667,3,16502.75,Low Engagement
CUST1058,5,15,16460.65,2937.13,2025-11-13,3292.13,5,16460.65,Loyal Budget
CUST1479,3,8,16457.55,3549.46,2025-12-09,5485.849999999999,3,16457.55,Low Engagement
CUST0042,4,10,16456.15,2499.3100000000004,2025-09-20,4114.0375,4,16456.15,Low Engagement
CUST0684,5,14,16416.7,4252.32,2025-10-25,3283.34,5,16416.7,Loyal Budget
CUST0678,5,15,16416.1,3185.75,2025-11-13,3283.22,5,16416.1,Loyal Budget
CUST1363,4,8,16367.25,3317.13,2025-08-31,4091.8125,4,16367.25,Low Engagement
CUST0812,3,8,16347.55,2574.09,2025-06-06,5449.183333333333,3,16347.55,Low Engagement
CUST0875,4,12,16341.45,3452.1200000000003,2025-10-07,4085.3625,4,16341.45,Low Engagement
CUST0231,4,11,16334.85,2883.9,2025-10-17,4083.7125,4,16334.85,Low Engagement
CUST0004,6,17,16270.15,2624.1800000000003,2025-11-27,2711.6916666666666,6,16270.15,Loyal Budget
CUST1114,4,12,16269.25,4032.04,2025-10-22,4067.3125,4,16269.25,Low Engagement
CUST0172,8,16,16168.0,2646.5299999999997,2025-11-23,2021.0,8,16168.0,Loyal Budget
CUST0187,4,12,16154.3,3242.57,2025-11-14,4038.575,4,16154.3,Low Engagement
CUST0467,3,12,15984.4,3481.46,2025-06-08,5328.133333333333,3,15984.4,Low Engagement
CUST1222,6,14,15982.95,3873.34,2025-12-15,2663.8250000000003,6,15982.95,Loyal Budget
CUST1323,3,7,15918.75,2489.7,2025-10-15,5306.25,3,15918.75,Low Engagement
CUST1403,3,6,15914.5,3660.4,2025-12-12,5304.833333333333,3,15914.5,Low Engagement
CUST1161,3,12,15863.75,3473.35,2025-10-03,5287.916666666667,3,15863.75,Low Engagement
CUST0361,3,12,15828.7,2210.36,2025-05-03,5276.233333333334,3,15828.7,Low Engagement
CUST0805,4,14,15792.95,3615.84,2025-12-18,3948.2375,4,15792.95,Low Engagement
CUST1378,5,14,15791.8,3537.76,2025-11-13,3158.3599999999997,5,15791.8,Loyal Budget
CUST0295,4,12,15767.05,2956.47,2025-10-26,3941.7625,4,15767.05,Low Engagement
CUST0816,5,10,15745.65,3127.51,2025-07-22,3149.13,5,15745.65,Loyal Budget
CUST0795,5,10,15720.500000000002,3487.62,2025-06-02,3144.1000000000004,5,15720.500000000002,Loyal Budget
CUST0975,4,8,15692.55,2494.3500000000004,2025-10-11,3923.1375,4,15692.55,Low Engagement
CUST1235,4,12,15648.65,4121.55,2025-10-29,3912.1625,4,15648.65,Low Engagement
CUST0182,4,15,15606.099999999999,2877.77,2025-11-17,3901.5249999999996,4,15606.099999999999,Low Engagement
CUST1345,4,9,15579.449999999999,3706.51,2025-09-11,3894.8624999999997,4,15579.449999999999,Low Engagement
CUST1370,4,16,15515.75,2474.7599999999998,2025-12-22,3878.9375,4,15515.75,Low Engagement
CUST1023,4,10,15490.2,3338.61,2025-12-03,3872.55,4,15490.2,Low Engagement
CUST0394,3,9,15482.5,2788.05,2025-10-28,5160.833333333333,3,15482.5,Low Engagement
CUST0482,5,21,15466.349999999999,2467.5,2025-11-18,3093.2699999999995,5,15466.349999999999,Loyal Budget
CUST1274,5,13,15463.65,2398.17,2025-11-20,3092.73,5,15463.65,Loyal Budget
CUST0658,4,13,15453.65,3326.11,2025-12-18,3863.4125,4,15453.65,Low Engagement
CUST0522,4,7,15413.800000000001,3350.13,2025-11-21,3853.4500000000003,4,15413.800000000001,Low Engagement
CUST1485,3,6,15394.4,1597.6799999999998,2025-09-03,5131.466666666666,3,15394.4,Low Engagement
CUST0867,4,14,15357.1,2836.9399999999996,2025-11-15,3839.275,4,15357.1,Low Engagement
CUST0166,3,9,15331.2,1922.26,2025-09-08,5110.400000000001,3,15331.2,Low Engagement
CUST0859,4,10,15296.55,2190.3599999999997,2025-06-26,3824.1375,4,15296.55,Low Engagement
CUST0582,4,10,15291.25,3791.3099999999995,2025-08-22,3822.8125,4,15291.25,Low Engagement
CUST1406,4,9,15284.500000000002,3363.11,2025-10-30,3821.1250000000005,4,15284.500000000002,Low Engagement
CUST1169,3,8,15277.75,2521.1,2025-12-07,5092.583333333333,3,15277.75,Low Engagement
CUST0421,3,8,15262.6,1671.75,2025-12-14,5087.533333333334,3,15262.6,Low Engagement
CUST0389,5,14,15257.95,1873.73,2025-12-08,3051.59,5,15257.95,Loyal Budget
CUST1237,6,20,15236.699999999999,3418.49,2025-09-25,2539.45,6,15236.699999999999,Loyal Budget
CUST0206,4,14,15207.35,3124.82,2025-12-08,3801.8375,4,15207.35,Low Engagement
CUST1409,7,20,15197.349999999999,3253.2200000000003,2025-08-30,2171.0499999999997,7,15197.349999999999,Loyal Budget
CUST1443,5,10,15191.05,3395.31,2025-09-28,3038.21,5,15191.05,Loyal Budget
CUST0731,6,10,15165.85,2522.75,2025-12-31,2527.641666666667,6,15165.85,Loyal Budget
CUST0152,5,16,15150.4,2623.9300000000003,2025-12-06,3030.08,5,15150.4,Loyal Budget
CUST0786,5,12,15111.849999999999,3602.9399999999996,2025-12-27,3022.37,5,15111.849999999999,Loyal Budget
CUST0571,5,13,15108.649999999998,3317.94,2025-10-04,3021.7299999999996,5,15108.649999999998,Loyal Budget
CUST0426,4,14,15016.7,3166.15,2025-11-17,3754.175,4,15016.7,Low Engagement
CUST0866,4,10,15001.1,3832.95,2025-12-30,3750.275,4,15001.1,Low Engagement
CUST1360,2,7,14994.0,3186.7,2025-07-27,7497.0,2,14994.0,Low Engagement
CUST1276,5,16,14970.6,1847.4699999999998,2025-12-23,2994.12,5,14970.6,Loyal Budget
CUST0594,3,10,14930.2,2222.7799999999997,2025-06-17,4976.733333333334,3,14930.2,Low Engagement
CUST0348,3,7,14893.3,2277.5,2025-11-28,4964.433333333333,3,14893.3,Low Engagement
CUST0560,5,15,14881.2,3958.1899999999996,2025-06-10,2976.2400000000002,5,14881.2,Loyal Budget
CUST0469,3,6,14852.15,1863.5599999999997,2025-12-29,4950.716666666666,3,14852.15,Low Engagement
CUST0906,2,7,14833.2,2366.61,2025-11-30,7416.6,2,14833.2,Low Engagement
CUST0629,4,10,14755.4,3572.0,2025-07-14,3688.85,4,14755.4,Low Engagement
CUST1182,5,10,14750.75,2740.0299999999997,2025-09-06,2950.15,5,14750.75,Loyal Budget
CUST0299,4,19,14693.85,2970.1800000000003,2025-12-19,3673.4625,4,14693.85,Low Engagement
CUST1012,3,7,14693.4,3565.12,2025-05-21,4897.8,3,14693.4,Low Engagement
CUST0923,5,9,14662.25,2775.16,2025-11-02,2932.45,5,14662.25,Loyal Budget
CUST0314,6,15,14576.95,3317.63,2025-10-27,2429.491666666667,6,14576.95,Loyal Budget
CUST0900,4,8,14572.8,3045.27,2025-08-15,3643.2,4,14572.8,Low Engagement
CUST0617,4,9,14571.5,3818.46,2025-10-04,3642.875,4,14571.5,Low Engagement
CUST0696,3,13,14523.55,3035.93,2025-12-20,4841.183333333333,3,14523.55,Low Engagement
CUST0015,4,10,14506.550000000001,2210.48,2025-07-09,3626.6375000000003,4,14506.550000000001,Low Engagement
CUST0155,4,12,14503.45,2840.08,2025-12-10,3625.8625,4,14503.45,Low Engagement
CUST0039,2,6,14494.2,2540.59,2025-11-07,7247.1,2,14494.2,Low Engagement
CUST0914,2,8,14452.9,2737.28,2025-06-30,7226.45,2,14452.9,Low Engagement
CUST1337,3,14,14452.45,3228.92,2025-11-14,4817.483333333334,3,14452.45,Low Engagement
CUST0649,5,15,14436.949999999999,1883.83,2025-06-22,2887.39,5,14436.949999999999,Loyal Budget
CUST0322,7,15,14390.9,2878.46,2025-12-07,2055.842857142857,7,14390.9,Loyal Budget
CUST1151,4,14,14317.099999999999,3059.25,2025-12-04,3579.2749999999996,4,14317.099999999999,Low Engagement
CUST0926,6,16,14315.05,2864.56,2025-11-22,2385.8416666666667,6,14315.05,Loyal Budget
CUST0411,4,8,14272.6,2885.77,2025-11-04,3568.15,4,14272.6,Low Engagement
CUST0904,4,13,14263.25,3159.44,2025-09-30,3565.8125,4,14263.25,Low Engagement
CUST1414,3,8,14172.6,3572.74,2025-12-02,4724.2,3,14172.6,Low Engagement
CUST0481,4,7,14153.55,2806.49,2025-06-26,3538.3875,4,14153.55,Low Engagement
CUST0260,2,5,14145.7,2397.4500000000003,2025-04-01,7072.85,2,14145.7,Low Engagement
CUST1069,5,17,14144.55,2197.1,2025-11-19,2828.91,5,14144.55,Loyal Budget
CUST0130,5,12,14143.75,3137.64,2025-12-07,2828.75,5,14143.75,Loyal Budget
CUST1201,5,13,14125.25,2382.1800000000003,2025-05-22,2825.05,5,14125.25,Loyal Budget
CUST0098,6,13,14098.55,3204.65,2025-12-26,2349.758333333333,6,14098.55,Loyal Budget
CUST0630,4,11,14090.1,2249.45,2025-10-13,3522.525,4,14090.1,Low Engagement
CUST0346,3,9,14061.2,3065.31,2025-06-29,4687.066666666667,3,14061.2,Low Engagement
CUST0922,4,16,14015.4,2036.73,2025-11-17,3503.85,4,14015.4,Low Engagement
CUST1193,4,13,13997.95,2443.16,2025-11-13,3499.4875,4,13997.95,Low Engagement
CUST0747,2,5,13970.55,3234.4,2025-09-24,6985.275,2,13970.55,Low Engagement
CUST0298,3,9,13961.3,2388.77,2025-10-04,4653.766666666666,3,13961.3,Low Engagement
CUST0759,6,16,13918.0,2573.16,2025-09-01,2319.6666666666665,6,13918.0,Loyal Budget
CUST1068,3,9,13872.2,2186.69,2025-08-27,4624.066666666667,3,13872.2,Low Engagement
CUST0792,4,10,13855.650000000001,2571.62,2025-12-11,3463.9125000000004,4,13855.650000000001,Low Engagement
CUST0200,3,8,13827.45,1640.81,2025-10-27,4609.150000000001,3,13827.45,Low Engagement
CUST0722,5,12,13809.0,2127.73,2025-12-10,2761.8,5,13809.0,Loyal Budget
CUST0528,2,7,13753.2,3914.53,2025-02-08,6876.6,2,13753.2,Low Engagement
CUST0051,4,14,13726.65,3017.46,2025-05-16,3431.6625,4,13726.65,Low Engagement
CUST0068,6,14,13707.55,3047.7799999999997,2025-12-23,2284.5916666666667,6,13707.55,Loyal Budget
CUST1285,6,19,13705.4,2853.99,2025-12-15,2284.233333333333,6,13705.4,Loyal Budget
CUST1134,5,16,13700.65,2312.22,2025-09-02,2740.13,5,13700.65,Loyal Budget
CUST0400,4,11,13696.0,2608.77,2025-11-23,3424.0,4,13696.0,Low Engagement
CUST1453,4,10,13676.05,2711.61,2025-12-26,3419.0125,4,13676.05,Low Engagement
CUST1375,4,13,13653.9,3085.55,2025-12-25,3413.475,4,13653.9,Low Engagement
CUST1365,3,4,13621.35,3130.42,2025-11-14,4540.45,3,13621.35,Low Engagement
CUST0564,5,16,13619.55,3116.5,2025-10-30,2723.91,5,13619.55,Loyal Budget
CUST1199,4,11,13565.0,2405.9,2025-11-19,3391.25,4,13565.0,Low Engagement
CUST0689,4,10,13557.75,2402.2999999999997,2025-10-12,3389.4375,4,13557.75,Low Engagement
CUST0041,3,9,13551.449999999999,3639.89,2025-09-09,4517.15,3,13551.449999999999,Low Engagement
CUST0685,3,11,13529.2,2294.41,2025-08-20,4509.733333333334,3,13529.2,Low Engagement
CUST0438,3,8,13507.95,1733.3600000000001,2025-12-13,4502.650000000001,3,13507.95,Low Engagement
CUST0903,1,5,13495.5,3512.08,2025-08-31,13495.5,1,13495.5,Low Engagement
CUST1091,3,5,13495.2,3108.57,2025-10-01,4498.400000000001,3,13495.2,Low Engagement
CUST0076,2,7,13483.349999999999,3219.92,2025-11-26,6741.674999999999,2,13483.349999999999,Low Engagement
CUST0435,4,16,13417.35,2666.33,2025-06-26,3354.3375,4,13417.35,Low Engagement
CUST0699,5,12,13414.1,2097.26,2025-12-29,2682.82,5,13414.1,Loyal Budget
CUST0092,4,10,13380.9,1919.3400000000001,2025-08-22,3345.225,4,13380.9,Low Engagement
CUST0872,5,13,13348.1,2913.57,2025-10-18,2669.62,5,13348.1,Loyal Budget
CUST0139,4,10,13310.4,2000.27,2025-10-27,3327.6,4,13310.4,Low Engagement
CUST0992,4,8,13292.599999999999,2788.48,2025-12-07,3323.1499999999996,4,13292.599999999999,Low Engagement
CUST1148,4,10,13260.9,2393.94,2025-11-30,3315.225,4,13260.9,Low Engagement
CUST0985,6,12,13239.3,2356.1400000000003,2025-12-07,2206.5499999999997,6,13239.3,Loyal Budget
CUST1256,4,10,13229.05,2434.66,2025-07-03,3307.2625,4,13229.05,Low Engagement
CUST1367,3,9,13221.75,2559.81,2025-09-25,4407.25,3,13221.75,Low Engagement
CUST0162,5,12,13159.900000000001,3525.66,2025-09-08,2631.9800000000005,5,13159.900000000001,Loyal Budget
CUST0863,4,12,13149.0,2589.2200000000003,2025-12-12,3287.25,4,13149.0,Low Engagement
CUST0122,6,20,13131.55,2832.55,2025-12-09,2188.5916666666667,6,13131.55,Loyal Budget
CUST0474,5,10,13120.75,3164.31,2025-12-31,2624.15,5,13120.75,Loyal Budget
CUST0268,3,9,13091.8,3226.8900000000003,2025-11-14,4363.933333333333,3,13091.8,Low Engagement
CUST1279,3,11,13080.3,2716.92,2025-09-12,4360.099999999999,3,13080.3,Low Engagement
CUST0153,3,15,13036.5,2216.98,2025-05-27,4345.5,3,13036.5,Low Engagement
CUST1295,5,9,13021.9,2787.06,2025-12-12,2604.38,5,13021.9,Loyal Budget
CUST1139,7,12,12984.3,2374.5099999999998,2025-11-07,1854.8999999999999,7,12984.3,Loyal Budget
CUST1064,4,10,12970.8,2489.45,2025-04-08,3242.7,4,12970.8,Low Engagement
CUST0427,5,9,12962.099999999999,2387.68,2025-10-14,2592.4199999999996,5,12962.099999999999,Loyal Budget
CUST0724,4,8,12947.75,2121.69,2025-11-25,3236.9375,4,12947.75,Low Engagement
CUST0239,4,10,12915.65,2282.7799999999997,2025-07-27,3228.9125,4,12915.65,Low Engagement
CUST0456,5,13,12897.900000000001,1692.99,2025-10-09,2579.5800000000004,5,12897.900000000001,Loyal Budget
CUST0174,5,10,12815.4,2233.03,2025-09-03,2563.08,5,12815.4,Loyal Budget
CUST0804,4,6,12784.5,3624.0699999999997,2025-11-02,3196.125,4,12784.5,Low Engagement
CUST1157,2,4,12746.1,1415.0,2025-09-06,6373.05,2,12746.1,Low Engagement
CUST1110,5,12,12719.15,2333.2,2025-12-06,2543.83,5,12719.15,Loyal Budget
CUST0663,3,5,12665.25,3147.41,2025-11-12,4221.75,3,12665.25,Low Engagement
CUST0694,3,8,12642.5,2890.99,2025-12-13,4214.166666666667,3,12642.5,Low Engagement
CUST0471,4,14,12588.4,2545.9300000000003,2025-12-27,3147.1,4,12588.4,Low Engagement
CUST1011,5,13,12498.1,2312.0299999999997,2025-12-16,2499.62,5,12498.1,Loyal Budget
CUST1347,4,9,12486.7,2599.48,2025-10-15,3121.675,4,12486.7,Low Engagement
CUST0598,3,6,12475.0,2228.61,2025-12-17,4158.333333333333,3,12475.0,Low Engagement
CUST1480,5,10,12436.1,2631.62,2025-11-29,2487.2200000000003,5,12436.1,Loyal Budget
CUST1391,3,8,12412.8,1527.25,2025-12-30,4137.599999999999,3,12412.8,Low Engagement
CUST0974,4,8,12412.5,2448.71,2025-12-12,3103.125,4,12412.5,Low Engagement
CUST1010,3,9,12412.199999999999,2370.5,2025-12-05,4137.4,3,12412.199999999999,Low Engagement
CUST0285,6,15,12345.8,2560.81,2025-10-02,2057.633333333333,6,12345.8,Loyal Budget
CUST0251,3,9,12341.6,1457.27,2025-06-05,4113.866666666667,3,12341.6,Low Engagement
CUST0530,5,11,12310.25,2303.39,2025-09-08,2462.05,5,12310.25,Loyal Budget
CUST1329,3,14,12307.35,2364.8,2025-08-22,4102.45,3,12307.35,Low Engagement
CUST0171,4,9,12301.8,2394.25,2025-10-26,3075.45,4,12301.8,Low Engagement
CUST1254,2,7,12293.6,1226.6,2025-11-19,6146.8,2,12293.6,Low Engagement
CUST0164,3,9,12286.95,2064.2400000000002,2025-07-01,4095.65,3,12286.95,Low Engagement
CUST0074,7,9,12286.95,2126.38,2025-12-26,1755.2785714285715,7,12286.95,Loyal Budget
CUST0220,4,14,12251.45,2816.61,2025-12-18,3062.8625,4,12251.45,Low Engagement
CUST1430,3,7,12213.6,3084.9799999999996,2025-11-16,4071.2000000000003,3,12213.6,Low Engagement
CUST1001,3,7,12183.75,1473.65,2025-10-24,4061.25,3,12183.75,Low Engagement
CUST0673,4,12,12154.25,2397.42,2025-12-21,3038.5625,4,12154.25,Low Engagement
CUST0884,2,7,12130.65,2632.2799999999997,2025-12-02,6065.325,2,12130.65,Low Engagement
CUST0441,2,6,12094.6,2892.14,2025-10-06,6047.3,2,12094.6,Low Engagement
CUST0518,4,10,12090.5,2209.4300000000003,2025-09-21,3022.625,4,12090.5,Low Engagement
CUST1312,3,14,12027.15,2043.25,2025-06-13,4009.0499999999997,3,12027.15,Low Engagement
CUST0390,7,14,11964.75,2298.4500000000003,2025-10-26,1709.25,7,11964.75,Loyal Budget
CUST0758,3,9,11922.0,2995.6,2025-11-02,3974.0,3,11922.0,Low Engagement
CUST0953,2,7,11918.95,2428.63,2025-06-09,5959.475,2,11918.95,Low Engagement
CUST0976,1,4,11896.6,1129.91,2025-05-15,11896.6,1,11896.6,Low Engagement
CUST0756,2,5,11885.3,2168.26,2025-12-25,5942.65,2,11885.3,Low Engagement
CUST0180,3,6,11874.45,1688.99,2025-09-25,3958.15,3,11874.45,Low Engagement
CUST1472,5,10,11870.8,2135.38,2025-10-19,2374.16,5,11870.8,Loyal Budget
CUST0022,3,10,11861.25,2158.2200000000003,2025-08-10,3953.75,3,11861.25,Low Engagement
CUST1449,2,6,11844.5,1301.8899999999999,2025-12-12,5922.25,2,11844.5,Low Engagement
CUST1426,2,5,11790.949999999999,1321.53,2025-08-17,5895.474999999999,2,11790.949999999999,Low Engagement
CUST0865,4,10,11781.3,2446.41,2025-08-08,2945.325,4,11781.3,Low Engagement
CUST1078,3,13,11773.55,2369.81,2025-12-31,3924.5166666666664,3,11773.55,Low Engagement
CUST0662,4,8,11742.9,1868.8300000000002,2025-10-12,2935.725,4,11742.9,Low Engagement
CUST1386,6,16,11740.5,2110.21,2025-10-02,1956.75,6,11740.5,Loyal Budget
CUST0957,4,9,11721.849999999999,2266.64,2025-10-12,2930.4624999999996,4,11721.849999999999,Low Engagement
CUST0687,3,5,11720.35,1992.0700000000002,2025-09-16,3906.7833333333333,3,11720.35,Low Engagement
CUST1340,4,12,11698.4,2504.32,2025-08-17,2924.6,4,11698.4,Low Engagement
CUST0502,2,7,11693.4,1619.3,2025-12-29,5846.7,2,11693.4,Low Engagement
CUST0827,4,7,11628.45,2470.1099999999997,2025-10-08,2907.1125,4,11628.45,Low Engagement
CUST0105,4,12,11624.35,1277.03,2025-11-10,2906.0875,4,11624.35,Low Engagement
CUST0539,2,7,11593.2,3031.8900000000003,2025-06-03,5796.6,2,11593.2,Low Engagement
CUST0907,3,5,11590.3,1401.71,2025-07-27,3863.433333333333,3,11590.3,Low Engagement
CUST1101,3,8,11568.05,2499.92,2025-11-16,3856.0166666666664,3,11568.05,Low Engagement
CUST0996,3,8,11512.85,2526.14,2025-12-05,3837.616666666667,3,11512.85,Low Engagement
CUST0965,4,12,11477.35,2239.02,2025-11-07,2869.3375,4,11477.35,Low Engagement
CUST0774,2,6,11444.900000000001,1853.8999999999999,2025-05-02,5722.450000000001,2,11444.900000000001,Low Engagement
CUST1489,2,9,11421.9,1831.15,2025-07-04,5710.95,2,11421.9,Low Engagement
CUST0712,4,5,11410.55,1923.69,2025-11-22,2852.6375,4,11410.55,Low Engagement
CUST0613,4,16,11371.55,2324.85,2025-09-25,2842.8875,4,11371.55,Low Engagement
CUST0751,3,8,11367.05,1601.86,2025-11-01,3789.0166666666664,3,11367.05,Low Engagement
CUST0326,4,7,11353.55,2602.48,2025-12-01,2838.3875,4,11353.55,Low Engagement
CUST1389,3,9,11351.5,1761.75,2025-06-04,3783.8333333333335,3,11351.5,Low Engagement
CUST1214,1,5,11245.5,1395.51,2025-03-02,11245.5,1,11245.5,Low Engagement
CUST0159,2,10,11241.0,3252.12,2025-05-14,5620.5,2,11241.0,Low Engagement
CUST1275,2,7,11218.85,2492.81,2025-07-07,5609.425,2,11218.85,Low Engagement
CUST0625,6,11,11215.0,1754.3999999999999,2025-08-20,1869.1666666666667,6,11215.0,Loyal Budget
CUST1037,2,6,11204.7,2281.71,2025-12-07,5602.35,2,11204.7,Low Engagement
CUST1156,4,11,11179.5,2610.52,2025-11-23,2794.875,4,11179.5,Low Engagement
CUST0242,4,14,11168.05,1618.1799999999998,2025-10-07,2792.0125,4,11168.05,Low Engagement
CUST1255,2,6,11154.3,2743.63,2025-11-07,5577.15,2,11154.3,Low Engagement
CUST1239,3,7,11138.65,1285.45,2025-08-23,3712.883333333333,3,11138.65,Low Engagement
CUST0230,2,5,11120.55,2494.1099999999997,2025-08-04,5560.275,2,11120.55,Low Engagement
CUST1452,3,9,11091.6,1727.24,2025-10-29,3697.2000000000003,3,11091.6,Low Engagement
CUST0949,3,8,11073.0,2187.8,2025-12-08,3691.0,3,11073.0,Low Engagement
CUST0604,3,7,11064.0,2749.02,2025-03-19,3688.0,3,11064.0,Low Engagement
CUST0176,4,10,11050.9,962.05,2025-08-03,2762.725,4,11050.9,Low Engagement
CUST0211,3,11,11017.95,1654.54,2025-09-29,3672.65,3,11017.95,Low Engagement
CUST1331,2,6,10994.0,2309.36,2025-08-13,5497.0,2,10994.0,Low Engagement
CUST0727,2,7,10973.7,2644.69,2025-04-12,5486.85,2,10973.7,Low Engagement
CUST0853,3,11,10969.4,2593.71,2025-12-23,3656.4666666666667,3,10969.4,Low Engagement
CUST0149,3,8,10962.1,2859.06,2025-10-28,3654.0333333333333,3,10962.1,Low Engagement
CUST1200,2,8,10942.9,1282.77,2025-05-15,5471.45,2,10942.9,Low Engagement
CUST0436,3,7,10928.45,1730.46,2025-08-19,3642.816666666667,3,10928.45,Low Engagement
CUST0069,3,9,10907.05,2693.36,2025-08-15,3635.683333333333,3,10907.05,Low Engagement
CUST0414,3,10,10890.9,1950.17,2025-08-20,3630.2999999999997,3,10890.9,Low Engagement
CUST0342,4,9,10841.7,2408.07,2025-07-12,2710.425,4,10841.7,Low Engagement
CUST1059,3,10,10731.25,2643.04,2025-09-01,3577.0833333333335,3,10731.25,Low Engagement
CUST0218,4,14,10703.05,1187.96,2025-11-20,2675.7625,4,10703.05,Low Engagement
CUST0325,4,13,10697.6,2329.31,2025-12-13,2674.4,4,10697.6,Low Engagement
CUST0397,6,11,10644.75,1838.08,2025-08-30,1774.125,6,10644.75,Loyal Budget
CUST0570,4,7,10633.75,1900.48,2025-08-15,2658.4375,4,10633.75,Low Engagement
CUST0071,5,13,10603.55,2369.77,2025-09-19,2120.71,5,10603.55,Loyal Budget
CUST0362,4,12,10578.95,1715.98,2025-11-30,2644.7375,4,10578.95,Low Engagement
CUST0290,3,4,10471.55,1551.8500000000001,2025-10-05,3490.5166666666664,3,10471.55,Low Engagement
CUST0622,4,12,10468.9,2236.1400000000003,2025-09-22,2617.225,4,10468.9,Low Engagement
CUST0755,2,6,10394.4,2434.38,2025-10-09,5197.2,2,10394.4,Low Engagement
CUST1493,5,10,10390.8,2110.5299999999997,2025-12-07,2078.16,5,10390.8,Loyal Budget
CUST1057,3,7,10388.35,1166.01,2025-10-07,3462.7833333333333,3,10388.35,Low Engagement
CUST1026,6,13,10367.95,2237.14,2025-10-14,1727.9916666666668,6,10367.95,Loyal Budget
CUST0032,3,11,10330.5,2640.34,2025-12-23,3443.5,3,10330.5,Low Engagement
CUST0579,3,8,10292.4,1346.67,2025-11-18,3430.7999999999997,3,10292.4,Low Engagement
CUST0128,2,4,10236.2,1449.64,2025-09-05,5118.1,2,10236.2,Low Engagement
CUST0780,2,8,10222.85,1178.91,2025-11-24,5111.425,2,10222.85,Low Engagement
CUST1216,2,5,10180.45,2295.84,2025-10-25,5090.225,2,10180.45,Low Engagement
CUST1333,3,11,10169.2,1795.99,2025-10-21,3389.7333333333336,3,10169.2,Low Engagement
CUST1111,5,15,10151.15,1981.47,2025-12-05,2030.23,5,10151.15,Loyal Budget
CUST1196,3,7,10033.400000000001,1133.99,2025-09-10,3344.466666666667,3,10033.400000000001,Low Engagement
CUST0559,3,8,10022.45,1971.75,2025-12-08,3340.816666666667,3,10022.45,Low Engagement
CUST0204,3,8,9992.65,1154.81,2025-10-19,3330.883333333333,3,9992.65,Low Engagement
CUST0463,5,17,9967.05,1540.53,2025-12-16,1993.4099999999999,5,9967.05,Loyal Budget
CUST0067,3,7,9966.0,1428.15,2025-12-05,3322.0,3,9966.0,Low Engagement
CUST0097,6,10,9853.4,2040.76,2025-12-04,1642.2333333333333,6,9853.4,Loyal Budget
CUST0543,2,5,9705.85,1899.23,2025-02-13,4852.925,2,9705.85,Low Engagement
CUST0666,4,10,9685.8,1732.55,2025-12-08,2421.45,4,9685.8,Low Engagement
CUST1405,3,8,9673.2,1129.58,2025-11-15,3224.4,3,9673.2,Low Engagement
CUST1103,2,5,9625.7,1464.4099999999999,2025-06-03,4812.85,2,9625.7,Low Engagement
CUST0533,2,7,9593.0,2063.5,2025-02-04,4796.5,2,9593.0,Low Engagement
CUST0279,3,8,9572.25,1621.82,2025-12-31,3190.75,3,9572.25,Low Engagement
CUST0647,3,11,9515.25,1689.97,2025-08-07,3171.75,3,9515.25,Low Engagement
CUST0191,2,5,9505.55,1823.21,2025-07-12,4752.775,2,9505.55,Low Engagement
CUST0045,3,6,9499.65,1842.9099999999999,2025-05-18,3166.5499999999997,3,9499.65,Low Engagement
CUST1122,1,2,9498.1,1936.13,2025-02-05,9498.1,1,9498.1,Low Engagement
CUST0856,2,3,9497.150000000001,1870.71,2025-07-14,4748.575000000001,2,9497.150000000001,Low Engagement
CUST0479,3,9,9481.7,1610.95,2025-12-24,3160.566666666667,3,9481.7,Low Engagement
CUST0475,4,8,9462.25,1674.24,2025-12-05,2365.5625,4,9462.25,Low Engagement
CUST1188,4,7,9428.85,1279.4599999999998,2025-08-21,2357.2125,4,9428.85,Low Engagement
CUST1018,3,8,9362.3,1775.81,2025-11-08,3120.7666666666664,3,9362.3,Low Engagement
CUST1419,4,9,9361.95,2382.41,2025-12-13,2340.4875,4,9361.95,Low Engagement
CUST0417,5,11,9354.95,1984.1100000000001,2025-10-08,1870.9900000000002,5,9354.95,Loyal Budget
CUST0123,5,9,9344.3,1705.26,2025-10-31,1868.86,5,9344.3,Loyal Budget
CUST0715,2,8,9292.5,2639.31,2025-11-22,4646.25,2,9292.5,Low Engagement
CUST0270,3,9,9292.1,1368.96,2025-05-07,3097.366666666667,3,9292.1,Low Engagement
CUST1163,3,7,9264.15,1479.28,2025-12-30,3088.0499999999997,3,9264.15,Low Engagement
CUST1334,2,5,9210.25,2224.97,2025-12-07,4605.125,2,9210.25,Low Engagement
CUST0980,3,7,9168.65,1849.53,2025-10-19,3056.2166666666667,3,9168.65,Low Engagement
CUST1054,3,6,9149.55,1535.77,2025-12-30,3049.85,3,9149.55,Low Engagement
CUST0843,3,10,9130.8,2116.05,2025-11-05,3043.6,3,9130.8,Low Engagement
CUST0932,3,11,9069.5,1365.99,2025-03-09,3023.1666666666665,3,9069.5,Low Engagement
CUST0612,4,9,9041.45,1377.3899999999999,2025-09-25,2260.3625,4,9041.45,Low Engagement
CUST1376,3,8,8982.9,1804.3300000000002,2025-06-23,2994.2999999999997,3,8982.9,Low Engagement
CUST1381,3,7,8943.9,1135.06,2025-08-14,2981.2999999999997,3,8943.9,Low Engagement
CUST0969,3,9,8922.1,1136.87,2025-10-03,2974.0333333333333,3,8922.1,Low Engagement
CUST1220,3,8,8918.05,1347.04,2025-11-30,2972.683333333333,3,8918.05,Low Engagement
CUST0636,3,10,8915.75,1051.53,2025-07-09,2971.9166666666665,3,8915.75,Low Engagement
CUST1115,2,5,8885.3,1085.14,2025-05-13,4442.65,2,8885.3,Low Engagement
CUST1006,4,12,8853.65,1971.21,2025-09-12,2213.4125,4,8853.65,Low Engagement
CUST1393,5,10,8835.75,1368.57,2025-10-21,1767.15,5,8835.75,Loyal Budget
CUST0551,3,7,8769.15,1532.91,2025-12-11,2923.0499999999997,3,8769.15,Low Engagement
CUST1046,2,5,8730.95,1804.88,2025-07-17,4365.475,2,8730.95,Low Engagement
CUST0516,4,6,8724.8,1290.77,2025-11-05,2181.2,4,8724.8,Low Engagement
CUST1225,3,7,8718.05,1286.77,2025-11-04,2906.0166666666664,3,8718.05,Low Engagement
CUST0205,4,12,8634.35,1600.58,2025-11-03,2158.5875,4,8634.35,Low Engagement
CUST0148,3,9,8556.9,2072.01,2025-11-19,2852.2999999999997,3,8556.9,Low Engagement
CUST0337,5,15,8486.5,1843.71,2025-08-07,1697.3,5,8486.5,Loyal Budget
CUST0303,5,9,8422.2,2010.57,2025-12-18,1684.44,5,8422.2,Loyal Budget
CUST1314,4,8,8357.900000000001,1272.01,2025-12-23,2089.4750000000004,4,8357.900000000001,Low Engagement
CUST1158,4,12,8324.2,1203.65,2025-10-03,2081.05,4,8324.2,Low Engagement
CUST1181,4,6,8294.4,1539.6100000000001,2025-10-20,2073.6,4,8294.4,Low Engagement
CUST0760,4,10,8171.599999999999,1589.1499999999999,2025-09-20,2042.8999999999999,4,8171.599999999999,Low Engagement
CUST0767,4,12,8163.55,1590.9299999999998,2025-08-23,2040.8875,4,8163.55,Low Engagement
CUST1350,3,9,8161.9,1516.1599999999999,2025-10-16,2720.633333333333,3,8161.9,Low Engagement
CUST0967,5,6,8139.4,1634.1200000000001,2025-12-09,1627.8799999999999,5,8139.4,Loyal Budget
CUST0608,2,4,8121.75,2263.59,2025-05-03,4060.875,2,8121.75,Low Engagement
CUST1267,3,11,8050.05,1276.6100000000001,2025-09-07,2683.35,3,8050.05,Low Engagement
CUST1341,2,6,8019.75,1621.4,2025-03-10,4009.875,2,8019.75,Low Engagement
CUST1118,4,7,8018.450000000001,1219.96,2025-09-16,2004.6125000000002,4,8018.450000000001,Low Engagement
CUST0987,3,6,7914.799999999999,1087.46,2025-12-24,2638.2666666666664,3,7914.799999999999,Low Engagement
CUST1315,4,10,7903.9,1805.2,2025-05-04,1975.975,4,7903.9,Low Engagement
CUST1165,3,10,7900.299999999999,1501.6,2025-11-11,2633.433333333333,3,7900.299999999999,Low Engagement
CUST1055,3,5,7835.2,1222.6599999999999,2025-09-05,2611.733333333333,3,7835.2,Low Engagement
CUST0195,3,7,7813.5,1824.6,2025-09-27,2604.5,3,7813.5,Low Engagement
CUST0289,3,9,7784.35,1414.72,2025-11-02,2594.7833333333333,3,7784.35,Low Engagement
CUST1429,1,5,7645.75,963.67,2025-01-23,7645.75,1,7645.75,Low Engagement
CUST0546,2,7,7643.700000000001,1666.2199999999998,2025-12-01,3821.8500000000004,2,7643.700000000001,Low Engagement
CUST0035,4,12,7579.4,1159.97,2025-12-21,1894.85,4,7579.4,Low Engagement
CUST0378,2,7,7573.9,1274.74,2025-11-24,3786.95,2,7573.9,Low Engagement
CUST0343,1,3,7497.0,2225.1,2025-10-21,7497.0,1,7497.0,Low Engagement
CUST0873,3,10,7465.5,1825.8,2025-07-12,2488.5,3,7465.5,Low Engagement
CUST0653,2,7,7443.5,1427.98,2025-10-25,3721.75,2,7443.5,Low Engagement
CUST0626,2,4,7416.5,913.5799999999999,2025-04-22,3708.25,2,7416.5,Low Engagement
CUST0826,4,10,7411.3,1444.77,2025-11-22,1852.825,4,7411.3,Low Engagement
CUST1424,4,11,7409.55,1127.52,2025-12-26,1852.3875,4,7409.55,Low Engagement
CUST0367,2,7,7403.9,1003.8100000000001,2025-06-14,3701.95,2,7403.9,Low Engagement
CUST0377,4,13,7398.4,1429.1100000000001,2025-12-07,1849.6,4,7398.4,Low Engagement
CUST0931,3,11,7369.35,1045.75,2025-08-19,2456.4500000000003,3,7369.35,Low Engagement
CUST1152,3,7,7193.7,1315.29,2025-11-05,2397.9,3,7193.7,Low Engagement
CUST0821,1,3,7122.15,777.27,2025-08-31,7122.15,1,7122.15,Low Engagement
CUST0862,3,5,7120.35,1765.01,2025-11-26,2373.4500000000003,3,7120.35,Low Engagement
CUST0858,2,6,7104.9,1313.76,2025-12-07,3552.45,2,7104.9,Low Engagement
CUST0817,3,6,7099.25,1595.68,2025-08-19,2366.4166666666665,3,7099.25,Low Engagement
CUST0287,3,7,7091.550000000001,1435.25,2025-10-23,2363.8500000000004,3,7091.550000000001,Low Engagement
CUST0369,5,8,7067.5,1646.0900000000001,2025-10-25,1413.5,5,7067.5,Loyal Budget
CUST0170,2,6,7014.6,1454.58,2025-05-13,3507.3,2,7014.6,Low Engagement
CUST0908,3,6,7014.55,1844.85,2025-12-01,2338.1833333333334,3,7014.55,Low Engagement
CUST0432,3,5,7005.55,813.91,2025-10-10,2335.1833333333334,3,7005.55,Low Engagement
CUST0434,3,7,6958.450000000001,1185.26,2025-12-28,2319.4833333333336,3,6958.450000000001,Low Engagement
CUST0989,3,4,6926.35,1640.02,2025-12-24,2308.7833333333333,3,6926.35,Low Engagement
CUST1265,3,4,6821.45,936.8,2025-10-06,2273.8166666666666,3,6821.45,Low Engagement
CUST0829,3,5,6775.75,1118.92,2025-10-23,2258.5833333333335,3,6775.75,Low Engagement
CUST0228,3,12,6748.799999999999,1510.03,2025-12-12,2249.6,3,6748.799999999999,Low Engagement
CUST1358,2,4,6696.0,1727.68,2025-06-22,3348.0,2,6696.0,Low Engagement
CUST0874,3,7,6624.05,1228.51,2025-07-03,2208.016666666667,3,6624.05,Low Engagement
CUST0313,3,11,6530.05,1142.53,2025-07-14,2176.6833333333334,3,6530.05,Low Engagement
CUST1154,2,6,6444.5,829.54,2025-11-16,3222.25,2,6444.5,Low Engagement
CUST0404,3,7,6428.65,995.6099999999999,2025-06-24,2142.883333333333,3,6428.65,Low Engagement
CUST0430,4,9,6412.1,1013.8100000000001,2025-07-16,1603.025,4,6412.1,Low Engagement
CUST0968,2,3,6297.0,641.08,2025-02-22,3148.5,2,6297.0,Low Engagement
CUST0627,3,5,6225.6,837.1,2025-12-23,2075.2000000000003,3,6225.6,Low Engagement
CUST0567,3,11,6179.95,953.8299999999999,2025-12-04,2059.983333333333,3,6179.95,Low Engagement
CUST1262,3,4,6141.45,899.38,2025-10-29,2047.1499999999999,3,6141.45,Low Engagement
CUST0221,2,8,6072.4,1039.04,2025-06-27,3036.2,2,6072.4,Low Engagement
CUST0578,2,4,6016.1,1014.6600000000001,2025-12-23,3008.05,2,6016.1,Low Engagement
CUST0686,1,2,5998.0,1350.07,2025-10-02,5998.0,1,5998.0,Low Engagement
CUST0928,2,5,5935.5,1378.71,2025-08-16,2967.75,2,5935.5,Low Engagement
CUST0310,3,3,5922.35,970.1099999999999,2025-09-25,1974.1166666666668,3,5922.35,Low Engagement
CUST1348,3,5,5875.35,1406.18,2025-08-09,1958.45,3,5875.35,Low Engagement
CUST1342,4,10,5846.0,1119.59,2025-10-18,1461.5,4,5846.0,Low Engagement
CUST1097,2,6,5794.0,1384.73,2025-07-12,2897.0,2,5794.0,Low Engagement
CUST1009,3,9,5791.599999999999,1157.28,2025-09-14,1930.533333333333,3,5791.599999999999,Low Engagement
CUST0971,1,2,5698.1,581.63,2025-04-11,5698.1,1,5698.1,Low Engagement
CUST1413,3,5,5635.35,1168.65,2025-08-23,1878.45,3,5635.35,Low Engagement
CUST0062,3,9,5596.85,775.79,2025-12-17,1865.6166666666668,3,5596.85,Low Engagement
CUST0492,2,6,5484.9,738.6099999999999,2025-08-04,2742.45,2,5484.9,Low Engagement
CUST0933,3,10,5470.95,803.22,2025-05-06,1823.6499999999999,3,5470.95,Low Engagement
CUST1217,4,6,5419.2,949.98,2025-10-08,1354.8,4,5419.2,Low Engagement
CUST0983,2,5,5405.6,1164.08,2025-07-06,2702.8,2,5405.6,Low Engagement
CUST0885,1,4,5396.4,506.21,2025-09-17,5396.4,1,5396.4,Low Engagement
CUST1311,2,8,5362.3,946.1800000000001,2025-10-22,2681.15,2,5362.3,Low Engagement
CUST1038,3,11,5310.9,1101.06,2025-06-30,1770.3,3,5310.9,Low Engagement
CUST0484,3,6,5304.6,828.88,2025-12-31,1768.2,3,5304.6,Low Engagement
CUST0610,3,4,5126.7,1347.85,2025-10-09,1708.8999999999999,3,5126.7,Low Engagement
CUST0398,2,7,5023.5,1124.6399999999999,2025-08-25,2511.75,2,5023.5,Low Engagement
CUST0702,2,6,4920.15,641.64,2025-12-17,2460.075,2,4920.15,Low Engagement
CUST0060,2,10,4891.75,951.9200000000001,2025-05-23,2445.875,2,4891.75,Low Engagement
CUST0611,2,3,4887.5,479.41999999999996,2025-11-01,2443.75,2,4887.5,Low Engagement
CUST1459,3,6,4869.45,1010.44,2025-08-17,1623.1499999999999,3,4869.45,Low Engagement
CUST0050,1,3,4857.3,1345.96,2025-10-17,4857.3,1,4857.3,Low Engagement
CUST0674,3,9,4816.75,1090.3,2025-09-12,1605.5833333333333,3,4816.75,Low Engagement
CUST1227,3,6,4799.799999999999,786.1700000000001,2025-09-02,1599.9333333333332,3,4799.799999999999,Low Engagement
CUST1400,2,6,4794.0,881.83,2025-12-15,2397.0,2,4794.0,Low Engagement
CUST0297,4,6,4744.2,936.16,2025-12-08,1186.05,4,4744.2,Low Engagement
CUST0888,2,6,4694.9,763.26,2025-06-23,2347.45,2,4694.9,Low Engagement
CUST1352,1,4,4676.4,1068.75,2025-10-17,4676.4,1,4676.4,Low Engagement
CUST1385,3,4,4571.3,940.1200000000001,2025-11-15,1523.7666666666667,3,4571.3,Low Engagement
CUST1439,3,5,4395.5,1109.19,2025-08-31,1465.1666666666667,3,4395.5,Low Engagement
CUST0868,2,7,4388.15,586.03,2025-12-02,2194.075,2,4388.15,Low Engagement
CUST1219,3,8,4362.25,918.71,2025-12-07,1454.0833333333333,3,4362.25,Low Engagement
CUST0288,2,3,4347.1,915.86,2025-11-16,2173.55,2,4347.1,Low Engagement
CUST0796,2,6,4334.35,1164.93,2025-10-30,2167.175,2,4334.35,Low Engagement
CUST0248,2,4,4316.4,1080.68,2025-12-31,2158.2,2,4316.4,Low Engagement
CUST0451,2,4,4024.0,817.79,2025-06-03,2012.0,2,4024.0,Low Engagement
CUST0033,3,4,3941.45,476.78,2025-06-09,1313.8166666666666,3,3941.45,Low Engagement
CUST0552,1,3,3702.15,734.38,2025-09-11,3702.15,1,3702.15,Low Engagement
CUST1074,2,6,3579.45,630.0699999999999,2025-10-03,1789.725,2,3579.45,Low Engagement
CUST0799,1,3,3507.3,833.85,2025-05-12,3507.3,1,3507.3,Low Engagement
CUST1284,1,2,3418.1,670.79,2025-01-11,3418.1,1,3418.1,Low Engagement
CUST0055,2,5,3355.2,522.55,2025-05-21,1677.6,2,3355.2,Low Engagement
CUST1371,2,5,3325.5,417.96,2025-11-20,1662.75,2,3325.5,Low Engagement
CUST0761,2,7,3293.55,795.38,2025-09-28,1646.775,2,3293.55,Low Engagement
CUST0064,2,5,3275.2,635.56,2025-07-20,1637.6,2,3275.2,Low Engagement
CUST0001,1,4,3196.0,612.35,2025-01-08,3196.0,1,3196.0,Low Engagement
CUST0776,2,5,3145.5,439.49,2025-12-16,1572.75,2,3145.5,Low Engagement
CUST0600,2,5,3140.75,637.73,2025-11-02,1570.375,2,3140.75,Low Engagement
CUST0638,2,3,3097.0,354.18,2025-12-10,1548.5,2,3097.0,Low Engagement
CUST1445,2,3,2974.85,392.68,2025-08-06,1487.425,2,2974.85,Low Engagement
CUST1138,1,5,2970.75,494.16,2025-12-18,2970.75,1,2970.75,Low Engagement
CUST0966,2,4,2906.75,600.31,2025-10-10,1453.375,2,2906.75,Low Engagement
CUST1135,1,4,2796.0,367.09,2025-03-16,2796.0,1,2796.0,Low Engagement
CUST1399,1,5,2745.0,378.62,2025-09-22,2745.0,1,2745.0,Low Engagement
CUST1077,1,5,2695.5,803.98,2025-03-13,2695.5,1,2695.5,Low Engagement
CUST0439,2,4,2546.0,275.46000000000004,2025-08-18,1273.0,2,2546.0,Low Engagement
CUST0207,2,2,2468.1,537.06,2025-08-13,1234.05,2,2468.1,Low Engagement
CUST0371,2,5,2455.9,712.27,2025-02-26,1227.95,2,2455.9,Low Engagement
CUST0851,2,2,2273.15,447.82,2025-10-16,1136.575,2,2273.15,Low Engagement
CUST1241,2,5,2265.6,375.37,2025-12-22,1132.8,2,2265.6,Low Engagement
CUST0354,1,1,2249.1,203.11,2025-04-06,2249.1,1,2249.1,Low Engagement
CUST0328,2,3,2237.2,507.14,2025-10-18,1118.6,2,2237.2,Low Engagement
CUST0808,1,4,2156.4,435.69,2025-04-18,2156.4,1,2156.4,Low Engagement
CUST0402,1,1,2124.15,354.43,2025-11-16,2124.15,1,2124.15,Low Engagement
CUST1024,1,3,2097.0,550.52,2025-03-03,2097.0,1,2097.0,Low Engagement
CUST0513,2,3,1997.0,383.32,2025-12-12,998.5,2,1997.0,Low Engagement
CUST0370,2,3,1677.1999999999998,432.33,2025-07-19,838.5999999999999,2,1677.1999999999998,Low Engagement
CUST0202,2,3,1612.4499999999998,392.25,2025-10-05,806.2249999999999,2,1612.4499999999998,Low Engagement
CUST1035,1,1,1499.0,271.85,2025-10-13,1499.0,1,1499.0,Low Engagement
CUST1273,1,2,1398.0,202.11,2025-11-10,1398.0,1,1398.0,Low Engagement
CUST0380,2,4,1376.5500000000002,196.14999999999998,2025-07-19,688.2750000000001,2,1376.5500000000002,Low Engagement
CUST0565,1,2,1328.1,359.23,2025-03-03,1328.1,1,1328.1,Low Engagement
CUST0550,1,2,933.3,224.45,2025-08-12,933.3,1,933.3,Low Engagement
CUST1455,2,2,933.3,214.56,2025-12-04,466.65,2,933.3,Low Engagement
CUST0061,1,1,749.0,136.91,2025-03-01,749.0,1,749.0,Low Engagement
CUST0274,1,1,699.0,177.37,2025-12-08,699.0,1,699.0,Low Engagement
CUST1499,1,1,539.1,75.02,2025-05-29,539.1,1,539.1,Low Engagement
CUST1456,1,1,521.55,145.66,2025-11-16,521.55,1,521.55,Low Engagement
CUST0253,1,1,509.15,125.7,2025-04-23,509.15,1,509.15,Low Engagement
